Workbook

Sheet المخزن
A1: المخزن - كشف الأصناف وحركة البيع/المرتجع لكل عميل (تلقائي)
A2: الكود | B2: 4K حموده | C2: مكتب القاضي | D2: الاتشو | E2: علاء بوم ارض النت | F2: كيمو ميت ابو خالد | G2: KAZO | H2: LAFY | I2: POINT زفتي (جديد) | J2: POINT سعد زغلول (قديم) | K2: POWER ارض النت | L2: POWER زفتي | M2: احمد المنوفي | N2: السفير | O2: العالمي | P2: باهي التركي | Q2: توتي دماص | R2: رضا محمد | S2: زومبي العشري | T2: محمد عرابي | U2: عم جمال | V2: فاير سيليكت | W2: فرانكو | X2: كريم بكر | Y2: بفرا | Z2: محل كوم النور | AA2: محمد النجار | AB2: محمود عبدالرسول | AC2: مول المصطفي | AD2: مصانع | AE2: صافي المباع (تلقائي) | AF2: الصنف | AG2: عدد الموديل (الرصيد الوارد) | AH2: الباقي (تلقائي) | AI2: سعر البيع | AJ2: قيمة بضاعة المخزن (تلقائي)
A3: B01 | B3: =IF($A3="","",SUMIFS('4K حموده'!$D:$D,'4K حموده'!$C:$C,$A3,'4K حموده'!$F:$F,"<>")-SUMIFS('4K حموده'!$D:$D,'4K حموده'!$C:$C,$A3,'4K حموده'!$G:$G,"<>",'4K حموده'!$F:$F,"")) -> 0 | C3: =IF($A3="","",SUMIFS('مكتب القاضي'!$D:$D,'مكتب القاضي'!$C:$C,$A3,'مكتب القاضي'!$F:$F,"<>")-SUMIFS('مكتب القاضي'!$D:$D,'مكتب القاضي'!$C:$C,$A3,'مكتب القاضي'!$G:$G,"<>",'مكتب القاضي'!$F:$F,"")) -> 21 | D3: =IF($A3="","",SUMIFS(الاتشو!$D:$D,الاتشو!$C:$C,$A3,الاتشو!$F:$F,"<>")-SUMIFS(الاتشو!$D:$D,الاتشو!$C:$C,$A3,الاتشو!$G:$G,"<>",الاتشو!$F:$F,"")) -> 0 | E3: =IF($A3="","",SUMIFS('علاء بوم ارض النت'!$D:$D,'علاء بوم ارض النت'!$C:$C,$A3,'علاء بوم ارض النت'!$F:$F,"<>")-SUMIFS('علاء بوم ارض النت'!$D:$D,'علاء بوم ارض النت'!$C:$C,$A3,'علاء بوم ارض النت'!$G:$G,"<>",'علاء بوم ارض النت'!$F:$F,"")) -> 4 | F3: =IF($A3="","",SUMIFS('كيمو ميت ابو خالد'!$D:$D,'كيمو ميت ابو خالد'!$C:$C,$A3,'كيمو ميت ابو خالد'!$F:$F,"<>")-SUMIFS('كيمو ميت ابو خالد'!$D:$D,'كيمو ميت ابو خالد'!$C:$C,$A3,'كيمو ميت ابو خالد'!$G:$G,"<>",'كيمو ميت ابو خالد'!$F:$F,"")) -> 0 | G3: =IF($A3="","",SUMIFS(KAZO!$D:$D,KAZO!$C:$C,$A3,KAZO!$F:$F,"<>")-SUMIFS(KAZO!$D:$D,KAZO!$C:$C,$A3,KAZO!$G:$G,"<>",KAZO!$F:$F,"")) -> 0 | H3: =IF($A3="","",SUMIFS(LAFY!$D:$D,LAFY!$C:$C,$A3,LAFY!$F:$F,"<>")-SUMIFS(LAFY!$D:$D,LAFY!$C:$C,$A3,LAFY!$G:$G,"<>",LAFY!$F:$F,"")) -> 0 | I3: =IF($A3="","",SUMIFS('POINT زفتي (جديد)'!$D:$D,'POINT زفتي (جديد)'!$C:$C,$A3,'POINT زفتي (جديد)'!$F:$F,"<>")-SUMIFS('POINT زفتي (جديد)'!$D:$D,'POINT زفتي (جديد)'!$C:$C,$A3,'POINT زفتي (جديد)'!$G:$G,"<>",'POINT زفتي (جديد)'!$F:$F,"")) -> 6 | J3: =IF($A3="","",SUMIFS('POINT سعد زغلول (قديم)'!$D:$D,'POINT سعد زغلول (قديم)'!$C:$C,$A3,'POINT سعد زغلول (قديم)'!$F:$F,"<>")-SUMIFS('POINT سعد زغلول (قديم)'!$D:$D,'POINT سعد زغلول (قديم)'!$C:$C,$A3,'POINT سعد زغلول (قديم)'!$G:$G,"<>",'POINT سعد زغلول (قديم)'!$F:$F,"")) -> 0 | K3: =IF($A3="","",SUMIFS('POWER ارض النت'!$D:$D,'POWER ارض النت'!$C:$C,$A3,'POWER ارض النت'!$F:$F,"<>")-SUMIFS('POWER ارض النت'!$D:$D,'POWER ارض النت'!$C:$C,$A3,'POWER ارض النت'!$G:$G,"<>",'POWER ارض النت'!$F:$F,"")) -> 0 | L3: =IF($A3="","",SUMIFS('POWER زفتي'!$D:$D,'POWER زفتي'!$C:$C,$A3,'POWER زفتي'!$F:$F,"<>")-SUMIFS('POWER زفتي'!$D:$D,'POWER زفتي'!$C:$C,$A3,'POWER زفتي'!$G:$G,"<>",'POWER زفتي'!$F:$F,"")) -> 0 | M3: =IF($A3="","",SUMIFS('احمد المنوفي'!$D:$D,'احمد المنوفي'!$C:$C,$A3,'احمد المنوفي'!$F:$F,"<>")-SUMIFS('احمد المنوفي'!$D:$D,'احمد المنوفي'!$C:$C,$A3,'احمد المنوفي'!$G:$G,"<>",'احمد المنوفي'!$F:$F,"")) -> 0 | N3: =IF($A3="","",SUMIFS(السفير!$D:$D,السفير!$C:$C,$A3,السفير!$F:$F,"<>")-SUMIFS(السفير!$D:$D,السفير!$C:$C,$A3,السفير!$G:$G,"<>",السفير!$F:$F,"")) -> 24 | O3: =IF($A3="","",SUMIFS(العالمي!$D:$D,العالمي!$C:$C,$A3,العالمي!$F:$F,"<>")-SUMIFS(العالمي!$D:$D,العالمي!$C:$C,$A3,العالمي!$G:$G,"<>",العالمي!$F:$F,"")) -> 0 | P3: =IF($A3="","",SUMIFS('باهي التركي'!$D:$D,'باهي التركي'!$C:$C,$A3,'باهي التركي'!$F:$F,"<>")-SUMIFS('باهي التركي'!$D:$D,'باهي التركي'!$C:$C,$A3,'باهي التركي'!$G:$G,"<>",'باهي التركي'!$F:$F,"")) -> 24 | Q3: =IF($A3="","",SUMIFS('توتي دماص'!$D:$D,'توتي دماص'!$C:$C,$A3,'توتي دماص'!$F:$F,"<>")-SUMIFS('توتي دماص'!$D:$D,'توتي دماص'!$C:$C,$A3,'توتي دماص'!$G:$G,"<>",'توتي دماص'!$F:$F,"")) -> 0 | R3: =IF($A3="","",SUMIFS('رضا محمد'!$D:$D,'رضا محمد'!$C:$C,$A3,'رضا محمد'!$F:$F,"<>")-SUMIFS('رضا محمد'!$D:$D,'رضا محمد'!$C:$C,$A3,'رضا محمد'!$G:$G,"<>",'رضا محمد'!$F:$F,"")) -> 0 | S3: =IF($A3="","",SUMIFS('زومبي العشري'!$D:$D,'زومبي العشري'!$C:$C,$A3,'زومبي العشري'!$F:$F,"<>")-SUMIFS('زومبي العشري'!$D:$D,'زومبي العشري'!$C:$C,$A3,'زومبي العشري'!$G:$G,"<>",'زومبي العشري'!$F:$F,"")) -> 0 | T3: =IF($A3="","",SUMIFS('محمد عرابي'!$D:$D,'محمد عرابي'!$C:$C,$A3,'محمد عرابي'!$F:$F,"<>")-SUMIFS('محمد عرابي'!$D:$D,'محمد عرابي'!$C:$C,$A3,'محمد عرابي'!$G:$G,"<>",'محمد عرابي'!$F:$F,"")) -> 0 | U3: =IF($A3="","",SUMIFS('عم جمال'!$D:$D,'عم جمال'!$C:$C,$A3,'عم جمال'!$F:$F,"<>")-SUMIFS('عم جمال'!$D:$D,'عم جمال'!$C:$C,$A3,'عم جمال'!$G:$G,"<>",'عم جمال'!$F:$F,"")) -> 16 | V3: =IF($A3="","",SUMIFS('فاير سيليكت'!$D:$D,'فاير سيليكت'!$C:$C,$A3,'فاير سيليكت'!$F:$F,"<>")-SUMIFS('فاير سيليكت'!$D:$D,'فاير سيليكت'!$C:$C,$A3,'فاير سيليكت'!$G:$G,"<>",'فاير سيليكت'!$F:$F,"")) -> 0 | W3: =IF($A3="","",SUMIFS(فرانكو!$D:$D,فرانكو!$C:$C,$A3,فرانكو!$F:$F,"<>")-SUMIFS(فرانكو!$D:$D,فرانكو!$C:$C,$A3,فرانكو!$G:$G,"<>",فرانكو!$F:$F,"")) -> 0 | X3: =IF($A3="","",SUMIFS('كريم بكر'!$D:$D,'كريم بكر'!$C:$C,$A3,'كريم بكر'!$F:$F,"<>")-SUMIFS('كريم بكر'!$D:$D,'كريم بكر'!$C:$C,$A3,'كريم بكر'!$G:$G,"<>",'كريم بكر'!$F:$F,"")) -> 0 | Y3: =IF($A3="","",SUMIFS(بفرا!$D:$D,بفرا!$C:$C,$A3,بفرا!$F:$F,"<>")-SUMIFS(بفرا!$D:$D,بفرا!$C:$C,$A3,بفرا!$G:$G,"<>",بفرا!$F:$F,"")) -> 0 | Z3: =IF($A3="","",SUMIFS('محل كوم النور'!$D:$D,'محل كوم النور'!$C:$C,$A3,'محل كوم النور'!$F:$F,"<>")-SUMIFS('محل كوم النور'!$D:$D,'محل كوم النور'!$C:$C,$A3,'محل كوم النور'!$G:$G,"<>",'محل كوم النور'!$F:$F,"")) -> 12 | AA3: =IF($A3="","",SUMIFS('محمد النجار'!$D:$D,'محمد النجار'!$C:$C,$A3,'محمد النجار'!$F:$F,"<>")-SUMIFS('محمد النجار'!$D:$D,'محمد النجار'!$C:$C,$A3,'محمد النجار'!$G:$G,"<>",'محمد النجار'!$F:$F,"")) -> 0 | AB3: =IF($A3="","",SUMIFS('محمود عبدالرسول'!$D:$D,'محمود عبدالرسول'!$C:$C,$A3,'محمود عبدالرسول'!$F:$F,"<>")-SUMIFS('محمود عبدالرسول'!$D:$D,'محمود عبدالرسول'!$C:$C,$A3,'محمود عبدالرسول'!$G:$G,"<>",'محمود عبدالرسول'!$F:$F,"")) -> 0 | AC3: =IF($A3="","",SUMIFS('مول المصطفي'!$D:$D,'مول المصطفي'!$C:$C,$A3,'مول المصطفي'!$F:$F,"<>")-SUMIFS('مول المصطفي'!$D:$D,'مول المصطفي'!$C:$C,$A3,'مول المصطفي'!$G:$G,"<>",'مول المصطفي'!$F:$F,"")) -> 24 | AD3: =IF($A3="","",SUMIFS(مصانع!$D:$D,مصانع!$C:$C,$A3,مصانع!$F:$F,"<>")-SUMIFS(مصانع!$D:$D,مصانع!$C:$C,$A3,مصانع!$G:$G,"<>",مصانع!$F:$F,"")) -> 0 | AE3: =IF($A3="","",SUM(B3:AD3)) -> 131 | AF3: شروال سمر ميلتون جوردن | AG3: 160 | AH3: =IF(OR($A3="",AG3=""),"",AG3-AE3) -> 29 | AI3: 325 | AJ3: =IF(OR($A3="",AH3=""),"",AH3*AI3) -> 9425
A4: B02 | B4: =IF($A4="","",SUMIFS('4K حموده'!$D:$D,'4K حموده'!$C:$C,$A4,'4K حموده'!$F:$F,"<>")-SUMIFS('4K حموده'!$D:$D,'4K حموده'!$C:$C,$A4,'4K حموده'!$G:$G,"<>",'4K حموده'!$F:$F,"")) -> 0 | C4: =IF($A4="","",SUMIFS('مكتب القاضي'!$D:$D,'مكتب القاضي'!$C:$C,$A4,'مكتب القاضي'!$F:$F,"<>")-SUMIFS('مكتب القاضي'!$D:$D,'مكتب القاضي'!$C:$C,$A4,'مكتب القاضي'!$G:$G,"<>",'مكتب القاضي'!$F:$F,"")) -> 5 | D4: =IF($A4="","",SUMIFS(الاتشو!$D:$D,الاتشو!$C:$C,$A4,الاتشو!$F:$F,"<>")-SUMIFS(الاتشو!$D:$D,الاتشو!$C:$C,$A4,الاتشو!$G:$G,"<>",الاتشو!$F:$F,"")) -> 0 | E4: =IF($A4="","",SUMIFS('علاء بوم ارض النت'!$D:$D,'علاء بوم ارض النت'!$C:$C,$A4,'علاء بوم ارض النت'!$F:$F,"<>")-SUMIFS('علاء بوم ارض النت'!$D:$D,'علاء بوم ارض النت'!$C:$C,$A4,'علاء بوم ارض النت'!$G:$G,"<>",'علاء بوم ارض النت'!$F:$F,"")) -> 16 | F4: =IF($A4="","",SUMIFS('كيمو ميت ابو خالد'!$D:$D,'كيمو ميت ابو خالد'!$C:$C,$A4,'كيمو ميت ابو خالد'!$F:$F,"<>")-SUMIFS('كيمو ميت ابو خالد'!$D:$D,'كيمو ميت ابو خالد'!$C:$C,$A4,'كيمو ميت ابو خالد'!$G:$G,"<>",'كيمو ميت ابو خالد'!$F:$F,"")) -> 0 | G4: =IF($A4="","",SUMIFS(KAZO!$D:$D,KAZO!$C:$C,$A4,KAZO!$F:$F,"<>")-SUMIFS(KAZO!$D:$D,KAZO!$C:$C,$A4,KAZO!$G:$G,"<>",KAZO!$F:$F,"")) -> 8 | H4: =IF($A4="","",SUMIFS(LAFY!$D:$D,LAFY!$C:$C,$A4,LAFY!$F:$F,"<>")-SUMIFS(LAFY!$D:$D,LAFY!$C:$C,$A4,LAFY!$G:$G,"<>",LAFY!$F:$F,"")) -> 0 | I4: =IF($A4="","",SUMIFS('POINT زفتي (جديد)'!$D:$D,'POINT زفتي (جديد)'!$C:$C,$A4,'POINT زفتي (جديد)'!$F:$F,"<>")-SUMIFS('POINT زفتي (جديد)'!$D:$D,'POINT زفتي (جديد)'!$C:$C,$A4,'POINT زفتي (جديد)'!$G:$G,"<>",'POINT زفتي (جديد)'!$F:$F,"")) -> 18 | J4: =IF($A4="","",SUMIFS('POINT سعد زغلول (قديم)'!$D:$D,'POINT سعد زغلول (قديم)'!$C:$C,$A4,'POINT سعد زغلول (قديم)'!$F:$F,"<>")-SUMIFS('POINT سعد زغلول (قديم)'!$D:$D,'POINT سعد زغلول (قديم)'!$C:$C,$A4,'POINT سعد زغلول (قديم)'!$G:$G,"<>",'POINT سعد زغلول (قديم)'!$F:$F,"")) -> 0 | K4: =IF($A4="","",SUMIFS('POWER ارض النت'!$D:$D,'POWER ارض النت'!$C:$C,$A4,'POWER ارض النت'!$F:$F,"<>")-SUMIFS('POWER ارض النت'!$D:$D,'POWER ارض النت'!$C:$C,$A4,'POWER ارض النت'!$G:$G,"<>",'POWER ارض النت'!$F:$F,"")) -> 0 | L4: =IF($A4="","",SUMIFS('POWER زفتي'!$D:$D,'POWER زفتي'!$C:$C,$A4,'POWER زفتي'!$F:$F,"<>")-SUMIFS('POWER زفتي'!$D:$D,'POWER زفتي'!$C:$C,$A4,'POWER زفتي'!$G:$G,"<>",'POWER زفتي'!$F:$F,"")) -> 8 | M4: =IF($A4="","",SUMIFS('احمد المنوفي'!$D:$D,'احمد المنوفي'!$C:$C,$A4,'احمد المنوفي'!$F:$F,"<>")-SUMIFS('احمد المنوفي'!$D:$D,'احمد المنوفي'!$C:$C,$A4,'احمد المنوفي'!$G:$G,"<>",'احمد المنوفي'!$F:$F,"")) -> 0 | N4: =IF($A4="","",SUMIFS(السفير!$D:$D,السفير!$C:$C,$A4,السفير!$F:$F,"<>")-SUMIFS(السفير!$D:$D,السفير!$C:$C,$A4,السفير!$G:$G,"<>",السفير!$F:$F,"")) -> 16 | O4: =IF($A4="","",SUMIFS(العالمي!$D:$D,العالمي!$C:$C,$A4,العالمي!$F:$F,"<>")-SUMIFS(العالمي!$D:$D,العالمي!$C:$C,$A4,العالمي!$G:$G,"<>",العالمي!$F:$F,"")) -> 0 | P4: =IF($A4="","",SUMIFS('باهي التركي'!$D:$D,'باهي التركي'!$C:$C,$A4,'باهي التركي'!$F:$F,"<>")-SUMIFS('باهي التركي'!$D:$D,'باهي التركي'!$C:$C,$A4,'باهي التركي'!$G:$G,"<>",'باهي التركي'!$F:$F,"")) -> 0 | Q4: =IF($A4="","",SUMIFS('توتي دماص'!$D:$D,'توتي دماص'!$C:$C,$A4,'توتي دماص'!$F:$F,"<>")-SUMIFS('توتي دماص'!$D:$D,'توتي دماص'!$C:$C,$A4,'توتي دماص'!$G:$G,"<>",'توتي دماص'!$F:$F,"")) -> 0 | R4: =IF($A4="","",SUMIFS('رضا محمد'!$D:$D,'رضا محمد'!$C:$C,$A4,'رضا محمد'!$F:$F,"<>")-SUMIFS('رضا محمد'!$D:$D,'رضا محمد'!$C:$C,$A4,'رضا محمد'!$G:$G,"<>",'رضا محمد'!$F:$F,"")) -> 8 | S4: =IF($A4="","",SUMIFS('زومبي العشري'!$D:$D,'زومبي العشري'!$C:$C,$A4,'زومبي العشري'!$F:$F,"<>")-SUMIFS('زومبي العشري'!$D:$D,'زومبي العشري'!$C:$C,$A4,'زومبي العشري'!$G:$G,"<>",'زومبي العشري'!$F:$F,"")) -> 0 | T4: =IF($A4="","",SUMIFS('محمد عرابي'!$D:$D,'محمد عرابي'!$C:$C,$A4,'محمد عرابي'!$F:$F,"<>")-SUMIFS('محمد عرابي'!$D:$D,'محمد عرابي'!$C:$C,$A4,'محمد عرابي'!$G:$G,"<>",'محمد عرابي'!$F:$F,"")) -> 0 | U4: =IF($A4="","",SUMIFS('عم جمال'!$D:$D,'عم جمال'!$C:$C,$A4,'عم جمال'!$F:$F,"<>")-SUMIFS('عم جمال'!$D:$D,'عم جمال'!$C:$C,$A4,'عم جمال'!$G:$G,"<>",'عم جمال'!$F:$F,"")) -> 0 | V4: =IF($A4="","",SUMIFS('فاير سيليكت'!$D:$D,'فاير سيليكت'!$C:$C,$A4,'فاير سيليكت'!$F:$F,"<>")-SUMIFS('فاير سيليكت'!$D:$D,'فاير سيليكت'!$C:$C,$A4,'فاير سيليكت'!$G:$G,"<>",'فاير سيليكت'!$F:$F,"")) -> 0 | W4: =IF($A4="","",SUMIFS(فرانكو!$D:$D,فرانكو!$C:$C,$A4,فرانكو!$F:$F,"<>")-SUMIFS(فرانكو!$D:$D,فرانكو!$C:$C,$A4,فرانكو!$G:$G,"<>",فرانكو!$F:$F,"")) -> 0 | X4: =IF($A4="","",SUMIFS('كريم بكر'!$D:$D,'كريم بكر'!$C:$C,$A4,'كريم بكر'!$F:$F,"<>")-SUMIFS('كريم بكر'!$D:$D,'كريم بكر'!$C:$C,$A4,'كريم بكر'!$G:$G,"<>",'كريم بكر'!$F:$F,"")) -> 0 | Y4: =IF($A4="","",SUMIFS(بفرا!$D:$D,بفرا!$C:$C,$A4,بفرا!$F:$F,"<>")-SUMIFS(بفرا!$D:$D,بفرا!$C:$C,$A4,بفرا!$G:$G,"<>",بفرا!$F:$F,"")) -> 0 | Z4: =IF($A4="","",SUMIFS('محل كوم النور'!$D:$D,'محل كوم النور'!$C:$C,$A4,'محل كوم النور'!$F:$F,"<>")-SUMIFS('محل كوم النور'!$D:$D,'محل كوم النور'!$C:$C,$A4,'محل كوم النور'!$G:$G,"<>",'محل كوم النور'!$F:$F,"")) -> 4 | AA4: =IF($A4="","",SUMIFS('محمد النجار'!$D:$D,'محمد النجار'!$C:$C,$A4,'محمد النجار'!$F:$F,"<>")-SUMIFS('محمد النجار'!$D:$D,'محمد النجار'!$C:$C,$A4,'محمد النجار'!$G:$G,"<>",'محمد النجار'!$F:$F,"")) -> 0 | AB4: =IF($A4="","",SUMIFS('محمود عبدالرسول'!$D:$D,'محمود عبدالرسول'!$C:$C,$A4,'محمود عبدالرسول'!$F:$F,"<>")-SUMIFS('محمود عبدالرسول'!$D:$D,'محمود عبدالرسول'!$C:$C,$A4,'محمود عبدالرسول'!$G:$G,"<>",'محمود عبدالرسول'!$F:$F,"")) -> 8 | AC4: =IF($A4="","",SUMIFS('مول المصطفي'!$D:$D,'مول المصطفي'!$C:$C,$A4,'مول المصطفي'!$F:$F,"<>")-SUMIFS('مول المصطفي'!$D:$D,'مول المصطفي'!$C:$C,$A4,'مول المصطفي'!$G:$G,"<>",'مول المصطفي'!$F:$F,"")) -> 0 | AD4: =IF($A4="","",SUMIFS(مصانع!$D:$D,مصانع!$C:$C,$A4,مصانع!$F:$F,"<>")-SUMIFS(مصانع!$D:$D,مصانع!$C:$C,$A4,مصانع!$G:$G,"<>",مصانع!$F:$F,"")) -> 0 | AE4: =IF($A4="","",SUM(B4:AD4)) -> 91 | AF4: شروال وايد ليج بالنسياجا انتر لوك | AG4: 116 | AH4: =IF(OR($A4="",AG4=""),"",AG4-AE4) -> 25 | AI4: 370 | AJ4: =IF(OR($A4="",AH4=""),"",AH4*AI4) -> 9250
A5: B03 | B5: =IF($A5="","",SUMIFS('4K حموده'!$D:$D,'4K حموده'!$C:$C,$A5,'4K حموده'!$F:$F,"<>")-SUMIFS('4K حموده'!$D:$D,'4K حموده'!$C:$C,$A5,'4K حموده'!$G:$G,"<>",'4K حموده'!$F:$F,"")) -> 0 | C5: =IF($A5="","",SUMIFS('مكتب القاضي'!$D:$D,'مكتب القاضي'!$C:$C,$A5,'مكتب القاضي'!$F:$F,"<>")-SUMIFS('مكتب القاضي'!$D:$D,'مكتب القاضي'!$C:$C,$A5,'مكتب القاضي'!$G:$G,"<>",'مكتب القاضي'!$F:$F,"")) -> 16 | D5: =IF($A5="","",SUMIFS(الاتشو!$D:$D,الاتشو!$C:$C,$A5,الاتشو!$F:$F,"<>")-SUMIFS(الاتشو!$D:$D,الاتشو!$C:$C,$A5,الاتشو!$G:$G,"<>",الاتشو!$F:$F,"")) -> 0 | E5: =IF($A5="","",SUMIFS('علاء بوم ارض النت'!$D:$D,'علاء بوم ارض النت'!$C:$C,$A5,'علاء بوم ارض النت'!$F:$F,"<>")-SUMIFS('علاء بوم ارض النت'!$D:$D,'علاء بوم ارض النت'!$C:$C,$A5,'علاء بوم ارض النت'!$G:$G,"<>",'علاء بوم ارض النت'!$F:$F,"")) -> 20 | F5: =IF($A5="","",SUMIFS('كيمو ميت ابو خالد'!$D:$D,'كيمو ميت ابو خالد'!$C:$C,$A5,'كيمو ميت ابو خالد'!$F:$F,"<>")-SUMIFS('كيمو ميت ابو خالد'!$D:$D,'كيمو ميت ابو خالد'!$C:$C,$A5,'كيمو ميت ابو خالد'!$G:$G,"<>",'كيمو ميت ابو خالد'!$F:$F,"")) -> 0 | G5: =IF($A5="","",SUMIFS(KAZO!$D:$D,KAZO!$C:$C,$A5,KAZO!$F:$F,"<>")-SUMIFS(KAZO!$D:$D,KAZO!$C:$C,$A5,KAZO!$G:$G,"<>",KAZO!$F:$F,"")) -> 8 | H5: =IF($A5="","",SUMIFS(LAFY!$D:$D,LAFY!$C:$C,$A5,LAFY!$F:$F,"<>")-SUMIFS(LAFY!$D:$D,LAFY!$C:$C,$A5,LAFY!$G:$G,"<>",LAFY!$F:$F,"")) -> 0 | I5: =IF($A5="","",SUMIFS('POINT زفتي (جديد)'!$D:$D,'POINT زفتي (جديد)'!$C:$C,$A5,'POINT زفتي (جديد)'!$F:$F,"<>")-SUMIFS('POINT زفتي (جديد)'!$D:$D,'POINT زفتي (جديد)'!$C:$C,$A5,'POINT زفتي (جديد)'!$G:$G,"<>",'POINT زفتي (جديد)'!$F:$F,"")) -> 0 | J5: =IF($A5="","",SUMIFS('POINT سعد زغلول (قديم)'!$D:$D,'POINT سعد زغلول (قديم)'!$C:$C,$A5,'POINT سعد زغلول (قديم)'!$F:$F,"<>")-SUMIFS('POINT سعد زغلول (قديم)'!$D:$D,'POINT سعد زغلول (قديم)'!$C:$C,$A5,'POINT سعد زغلول (قديم)'!$G:$G,"<>",'POINT سعد زغلول (قديم)'!$F:$F,"")) -> 0 | K5: =IF($A5="","",SUMIFS('POWER ارض النت'!$D:$D,'POWER ارض النت'!$C:$C,$A5,'POWER ارض النت'!$F:$F,"<>")-SUMIFS('POWER ارض النت'!$D:$D,'POWER ارض النت'!$C:$C,$A5,'POWER ارض النت'!$G:$G,"<>",'POWER ارض النت'!$F:$F,"")) -> 0 | L5: =IF($A5="","",SUMIFS('POWER زفتي'!$D:$D,'POWER زفتي'!$C:$C,$A5,'POWER زفتي'!$F:$F,"<>")-SUMIFS('POWER زفتي'!$D:$D,'POWER زفتي'!$C:$C,$A5,'POWER زفتي'!$G:$G,"<>",'POWER زفتي'!$F:$F,"")) -> 0 | M5: =IF($A5="","",SUMIFS('احمد المنوفي'!$D:$D,'احمد المنوفي'!$C:$C,$A5,'احمد المنوفي'!$F:$F,"<>")-SUMIFS('احمد المنوفي'!$D:$D,'احمد المنوفي'!$C:$C,$A5,'احمد المنوفي'!$G:$G,"<>",'احمد المنوفي'!$F:$F,"")) -> 0 | N5: =IF($A5="","",SUMIFS(السفير!$D:$D,السفير!$C:$C,$A5,السفير!$F:$F,"<>")-SUMIFS(السفير!$D:$D,السفير!$C:$C,$A5,السفير!$G:$G,"<>",السفير!$F:$F,"")) -> 0 | O5: =IF($A5="","",SUMIFS(العالمي!$D:$D,العالمي!$C:$C,$A5,العالمي!$F:$F,"<>")-SUMIFS(العالمي!$D:$D,العالمي!$C:$C,$A5,العالمي!$G:$G,"<>",العالمي!$F:$F,"")) -> 0 | P5: =IF($A5="","",SUMIFS('باهي التركي'!$D:$D,'باهي التركي'!$C:$C,$A5,'باهي التركي'!$F:$F,"<>")-SUMIFS('باهي التركي'!$D:$D,'باهي التركي'!$C:$C,$A5,'باهي التركي'!$G:$G,"<>",'باهي التركي'!$F:$F,"")) -> 16 | Q5: =IF($A5="","",SUMIFS('توتي دماص'!$D:$D,'توتي دماص'!$C:$C,$A5,'توتي دماص'!$F:$F,"<>")-SUMIFS('توتي دماص'!$D:$D,'توتي دماص'!$C:$C,$A5,'توتي دماص'!$G:$G,"<>",'توتي دماص'!$F:$F,"")) -> 0 | R5: =IF($A5="","",SUMIFS('رضا محمد'!$D:$D,'رضا محمد'!$C:$C,$A5,'رضا محمد'!$F:$F,"<>")-SUMIFS('رضا محمد'!$D:$D,'رضا محمد'!$C:$C,$A5,'رضا محمد'!$G:$G,"<>",'رضا محمد'!$F:$F,"")) -> 0 | S5: =IF($A5="","",SUMIFS('زومبي العشري'!$D:$D,'زومبي العشري'!$C:$C,$A5,'زومبي العشري'!$F:$F,"<>")-SUMIFS('زومبي العشري'!$D:$D,'زومبي العشري'!$C:$C,$A5,'زومبي العشري'!$G:$G,"<>",'زومبي العشري'!$F:$F,"")) -> 0 | T5: =IF($A5="","",SUMIFS('محمد عرابي'!$D:$D,'محمد عرابي'!$C:$C,$A5,'محمد عرابي'!$F:$F,"<>")-SUMIFS('محمد عرابي'!$D:$D,'محمد عرابي'!$C:$C,$A5,'محمد عرابي'!$G:$G,"<>",'محمد عرابي'!$F:$F,"")) -> 0 | U5: =IF($A5="","",SUMIFS('عم جمال'!$D:$D,'عم جمال'!$C:$C,$A5,'عم جمال'!$F:$F,"<>")-SUMIFS('عم جمال'!$D:$D,'عم جمال'!$C:$C,$A5,'عم جمال'!$G:$G,"<>",'عم جمال'!$F:$F,"")) -> 0 | V5: =IF($A5="","",SUMIFS('فاير سيليكت'!$D:$D,'فاير سيليكت'!$C:$C,$A5,'فاير سيليكت'!$F:$F,"<>")-SUMIFS('فاير سيليكت'!$D:$D,'فاير سيليكت'!$C:$C,$A5,'فاير سيليكت'!$G:$G,"<>",'فاير سيليكت'!$F:$F,"")) -> 0 | W5: =IF($A5="","",SUMIFS(فرانكو!$D:$D,فرانكو!$C:$C,$A5,فرانكو!$F:$F,"<>")-SUMIFS(فرانكو!$D:$D,فرانكو!$C:$C,$A5,فرانكو!$G:$G,"<>",فرانكو!$F:$F,"")) -> 0 | X5: =IF($A5="","",SUMIFS('كريم بكر'!$D:$D,'كريم بكر'!$C:$C,$A5,'كريم بكر'!$F:$F,"<>")-SUMIFS('كريم بكر'!$D:$D,'كريم بكر'!$C:$C,$A5,'كريم بكر'!$G:$G,"<>",'كريم بكر'!$F:$F,"")) -> 0 | Y5: =IF($A5="","",SUMIFS(بفرا!$D:$D,بفرا!$C:$C,$A5,بفرا!$F:$F,"<>")-SUMIFS(بفرا!$D:$D,بفرا!$C:$C,$A5,بفرا!$G:$G,"<>",بفرا!$F:$F,"")) -> 0 | Z5: =IF($A5="","",SUMIFS('محل كوم النور'!$D:$D,'محل كوم النور'!$C:$C,$A5,'محل كوم النور'!$F:$F,"<>")-SUMIFS('محل كوم النور'!$D:$D,'محل كوم النور'!$C:$C,$A5,'محل كوم النور'!$G:$G,"<>",'محل كوم النور'!$F:$F,"")) -> 0 | AA5: =IF($A5="","",SUMIFS('محمد النجار'!$D:$D,'محمد النجار'!$C:$C,$A5,'محمد النجار'!$F:$F,"<>")-SUMIFS('محمد النجار'!$D:$D,'محمد النجار'!$C:$C,$A5,'محمد النجار'!$G:$G,"<>",'محمد النجار'!$F:$F,"")) -> 0 | AB5: =IF($A5="","",SUMIFS('محمود عبدالرسول'!$D:$D,'محمود عبدالرسول'!$C:$C,$A5,'محمود عبدالرسول'!$F:$F,"<>")-SUMIFS('محمود عبدالرسول'!$D:$D,'محمود عبدالرسول'!$C:$C,$A5,'محمود عبدالرسول'!$G:$G,"<>",'محمود عبدالرسول'!$F:$F,"")) -> 8 | AC5: =IF($A5="","",SUMIFS('مول المصطفي'!$D:$D,'مول المصطفي'!$C:$C,$A5,'مول المصطفي'!$F:$F,"<>")-SUMIFS('مول المصطفي'!$D:$D,'مول المصطفي'!$C:$C,$A5,'مول المصطفي'!$G:$G,"<>",'مول المصطفي'!$F:$F,"")) -> 0 | AD5: =IF($A5="","",SUMIFS(مصانع!$D:$D,مصانع!$C:$C,$A5,مصانع!$F:$F,"<>")-SUMIFS(مصانع!$D:$D,مصانع!$C:$C,$A5,مصانع!$G:$G,"<>",مصانع!$F:$F,"")) -> 0 | AE5: =IF($A5="","",SUM(B5:AD5)) -> 68 | AF5: شروال سمر ميلتون اوفر سايز | AG5: 138 | AH5: =IF(OR($A5="",AG5=""),"",AG5-AE5) -> 70 | AI5: 310 | AJ5: =IF(OR($A5="",AH5=""),"",AH5*AI5) -> 21700
A6: B04 | B6: =IF($A6="","",SUMIFS('4K حموده'!$D:$D,'4K حموده'!$C:$C,$A6,'4K حموده'!$F:$F,"<>")-SUMIFS('4K حموده'!$D:$D,'4K حموده'!$C:$C,$A6,'4K حموده'!$G:$G,"<>",'4K حموده'!$F:$F,"")) -> 0 | C6: =IF($A6="","",SUMIFS('مكتب القاضي'!$D:$D,'مكتب القاضي'!$C:$C,$A6,'مكتب القاضي'!$F:$F,"<>")-SUMIFS('مكتب القاضي'!$D:$D,'مكتب القاضي'!$C:$C,$A6,'مكتب القاضي'!$G:$G,"<>",'مكتب القاضي'!$F:$F,"")) -> 8 | D6: =IF($A6="","",SUMIFS(الاتشو!$D:$D,الاتشو!$C:$C,$A6,الاتشو!$F:$F,"<>")-SUMIFS(الاتشو!$D:$D,الاتشو!$C:$C,$A6,الاتشو!$G:$G,"<>",الاتشو!$F:$F,"")) -> 0 | E6: =IF($A6="","",SUMIFS('علاء بوم ارض النت'!$D:$D,'علاء بوم ارض النت'!$C:$C,$A6,'علاء بوم ارض النت'!$F:$F,"<>")-SUMIFS('علاء بوم ارض النت'!$D:$D,'علاء بوم ارض النت'!$C:$C,$A6,'علاء بوم ارض النت'!$G:$G,"<>",'علاء بوم ارض النت'!$F:$F,"")) -> 59 | F6: =IF($A6="","",SUMIFS('كيمو ميت ابو خالد'!$D:$D,'كيمو ميت ابو خالد'!$C:$C,$A6,'كيمو ميت ابو خالد'!$F:$F,"<>")-SUMIFS('كيمو ميت ابو خالد'!$D:$D,'كيمو ميت ابو خالد'!$C:$C,$A6,'كيمو ميت ابو خالد'!$G:$G,"<>",'كيمو ميت ابو خالد'!$F:$F,"")) -> 0 | G6: =IF($A6="","",SUMIFS(KAZO!$D:$D,KAZO!$C:$C,$A6,KAZO!$F:$F,"<>")-SUMIFS(KAZO!$D:$D,KAZO!$C:$C,$A6,KAZO!$G:$G,"<>",KAZO!$F:$F,"")) -> 0 | H6: =IF($A6="","",SUMIFS(LAFY!$D:$D,LAFY!$C:$C,$A6,LAFY!$F:$F,"<>")-SUMIFS(LAFY!$D:$D,LAFY!$C:$C,$A6,LAFY!$G:$G,"<>",LAFY!$F:$F,"")) -> 0 | I6: =IF($A6="","",SUMIFS('POINT زفتي (جديد)'!$D:$D,'POINT زفتي (جديد)'!$C:$C,$A6,'POINT زفتي (جديد)'!$F:$F,"<>")-SUMIFS('POINT زفتي (جديد)'!$D:$D,'POINT زفتي (جديد)'!$C:$C,$A6,'POINT زفتي (جديد)'!$G:$G,"<>",'POINT زفتي (جديد)'!$F:$F,"")) -> 12 | J6: =IF($A6="","",SUMIFS('POINT سعد زغلول (قديم)'!$D:$D,'POINT سعد زغلول (قديم)'!$C:$C,$A6,'POINT سعد زغلول (قديم)'!$F:$F,"<>")-SUMIFS('POINT سعد زغلول (قديم)'!$D:$D,'POINT سعد زغلول (قديم)'!$C:$C,$A6,'POINT سعد زغلول (قديم)'!$G:$G,"<>",'POINT سعد زغلول (قديم)'!$F:$F,"")) -> 0 | K6: =IF($A6="","",SUMIFS('POWER ارض النت'!$D:$D,'POWER ارض النت'!$C:$C,$A6,'POWER ارض النت'!$F:$F,"<>")-SUMIFS('POWER ارض النت'!$D:$D,'POWER ارض النت'!$C:$C,$A6,'POWER ارض النت'!$G:$G,"<>",'POWER ارض النت'!$F:$F,"")) -> 0 | L6: =IF($A6="","",SUMIFS('POWER زفتي'!$D:$D,'POWER زفتي'!$C:$C,$A6,'POWER زفتي'!$F:$F,"<>")-SUMIFS('POWER زفتي'!$D:$D,'POWER زفتي'!$C:$C,$A6,'POWER زفتي'!$G:$G,"<>",'POWER زفتي'!$F:$F,"")) -> 12 | M6: =IF($A6="","",SUMIFS('احمد المنوفي'!$D:$D,'احمد المنوفي'!$C:$C,$A6,'احمد المنوفي'!$F:$F,"<>")-SUMIFS('احمد المنوفي'!$D:$D,'احمد المنوفي'!$C:$C,$A6,'احمد المنوفي'!$G:$G,"<>",'احمد المنوفي'!$F:$F,"")) -> 0 | N6: =IF($A6="","",SUMIFS(السفير!$D:$D,السفير!$C:$C,$A6,السفير!$F:$F,"<>")-SUMIFS(السفير!$D:$D,السفير!$C:$C,$A6,السفير!$G:$G,"<>",السفير!$F:$F,"")) -> 12 | O6: =IF($A6="","",SUMIFS(العالمي!$D:$D,العالمي!$C:$C,$A6,العالمي!$F:$F,"<>")-SUMIFS(العالمي!$D:$D,العالمي!$C:$C,$A6,العالمي!$G:$G,"<>",العالمي!$F:$F,"")) -> 0 | P6: =IF($A6="","",SUMIFS('باهي التركي'!$D:$D,'باهي التركي'!$C:$C,$A6,'باهي التركي'!$F:$F,"<>")-SUMIFS('باهي التركي'!$D:$D,'باهي التركي'!$C:$C,$A6,'باهي التركي'!$G:$G,"<>",'باهي التركي'!$F:$F,"")) -> 40 | Q6: =IF($A6="","",SUMIFS('توتي دماص'!$D:$D,'توتي دماص'!$C:$C,$A6,'توتي دماص'!$F:$F,"<>")-SUMIFS('توتي دماص'!$D:$D,'توتي دماص'!$C:$C,$A6,'توتي دماص'!$G:$G,"<>",'توتي دماص'!$F:$F,"")) -> 0 | R6: =IF($A6="","",SUMIFS('رضا محمد'!$D:$D,'رضا محمد'!$C:$C,$A6,'رضا محمد'!$F:$F,"<>")-SUMIFS('رضا محمد'!$D:$D,'رضا محمد'!$C:$C,$A6,'رضا محمد'!$G:$G,"<>",'رضا محمد'!$F:$F,"")) -> 3 | S6: =IF($A6="","",SUMIFS('زومبي العشري'!$D:$D,'زومبي العشري'!$C:$C,$A6,'زومبي العشري'!$F:$F,"<>")-SUMIFS('زومبي العشري'!$D:$D,'زومبي العشري'!$C:$C,$A6,'زومبي العشري'!$G:$G,"<>",'زومبي العشري'!$F:$F,"")) -> 0 | T6: =IF($A6="","",SUMIFS('محمد عرابي'!$D:$D,'محمد عرابي'!$C:$C,$A6,'محمد عرابي'!$F:$F,"<>")-SUMIFS('محمد عرابي'!$D:$D,'محمد عرابي'!$C:$C,$A6,'محمد عرابي'!$G:$G,"<>",'محمد عرابي'!$F:$F,"")) -> 0 | U6: =IF($A6="","",SUMIFS('عم جمال'!$D:$D,'عم جمال'!$C:$C,$A6,'عم جمال'!$F:$F,"<>")-SUMIFS('عم جمال'!$D:$D,'عم جمال'!$C:$C,$A6,'عم جمال'!$G:$G,"<>",'عم جمال'!$F:$F,"")) -> 0 | V6: =IF($A6="","",SUMIFS('فاير سيليكت'!$D:$D,'فاير سيليكت'!$C:$C,$A6,'فاير سيليكت'!$F:$F,"<>")-SUMIFS('فاير سيليكت'!$D:$D,'فاير سيليكت'!$C:$C,$A6,'فاير سيليكت'!$G:$G,"<>",'فاير سيليكت'!$F:$F,"")) -> 0 | W6: =IF($A6="","",SUMIFS(فرانكو!$D:$D,فرانكو!$C:$C,$A6,فرانكو!$F:$F,"<>")-SUMIFS(فرانكو!$D:$D,فرانكو!$C:$C,$A6,فرانكو!$G:$G,"<>",فرانكو!$F:$F,"")) -> 0 | X6: =IF($A6="","",SUMIFS('كريم بكر'!$D:$D,'كريم بكر'!$C:$C,$A6,'كريم بكر'!$F:$F,"<>")-SUMIFS('كريم بكر'!$D:$D,'كريم بكر'!$C:$C,$A6,'كريم بكر'!$G:$G,"<>",'كريم بكر'!$F:$F,"")) -> 0 | Y6: =IF($A6="","",SUMIFS(بفرا!$D:$D,بفرا!$C:$C,$A6,بفرا!$F:$F,"<>")-SUMIFS(بفرا!$D:$D,بفرا!$C:$C,$A6,بفرا!$G:$G,"<>",بفرا!$F:$F,"")) -> 0 | Z6: =IF($A6="","",SUMIFS('محل كوم النور'!$D:$D,'محل كوم النور'!$C:$C,$A6,'محل كوم النور'!$F:$F,"<>")-SUMIFS('محل كوم النور'!$D:$D,'محل كوم النور'!$C:$C,$A6,'محل كوم النور'!$G:$G,"<>",'محل كوم النور'!$F:$F,"")) -> 6 | AA6: =IF($A6="","",SUMIFS('محمد النجار'!$D:$D,'محمد النجار'!$C:$C,$A6,'محمد النجار'!$F:$F,"<>")-SUMIFS('محمد النجار'!$D:$D,'محمد النجار'!$C:$C,$A6,'محمد النجار'!$G:$G,"<>",'محمد النجار'!$F:$F,"")) -> 0 | AB6: =IF($A6="","",SUMIFS('محمود عبدالرسول'!$D:$D,'محمود عبدالرسول'!$C:$C,$A6,'محمود عبدالرسول'!$F:$F,"<>")-SUMIFS('محمود عبدالرسول'!$D:$D,'محمود عبدالرسول'!$C:$C,$A6,'محمود عبدالرسول'!$G:$G,"<>",'محمود عبدالرسول'!$F:$F,"")) -> 20 | AC6: =IF($A6="","",SUMIFS('مول المصطفي'!$D:$D,'مول المصطفي'!$C:$C,$A6,'مول المصطفي'!$F:$F,"<>")-SUMIFS('مول المصطفي'!$D:$D,'مول المصطفي'!$C:$C,$A6,'مول المصطفي'!$G:$G,"<>",'مول المصطفي'!$F:$F,"")) -> 16 | AD6: =IF($A6="","",SUMIFS(مصانع!$D:$D,مصانع!$C:$C,$A6,مصانع!$F:$F,"<>")-SUMIFS(مصانع!$D:$D,مصانع!$C:$C,$A6,مصانع!$G:$G,"<>",مصانع!$F:$F,"")) -> 1 | AE6: =IF($A6="","",SUM(B6:AD6)) -> 189 | AF6: شروال باجي انتر لوك | AG6: 219 | AH6: =IF(OR($A6="",AG6=""),"",AG6-AE6) -> 30 | AI6: 420 | AJ6: =IF(OR($A6="",AH6=""),"",AH6*AI6) -> 12600
A7: B101 | B7: =IF($A7="","",SUMIFS('4K حموده'!$D:$D,'4K حموده'!$C:$C,$A7,'4K حموده'!$F:$F,"<>")-SUMIFS('4K حموده'!$D:$D,'4K حموده'!$C:$C,$A7,'4K حموده'!$G:$G,"<>",'4K حموده'!$F:$F,"")) -> 0 | C7: =IF($A7="","",SUMIFS('مكتب القاضي'!$D:$D,'مكتب القاضي'!$C:$C,$A7,'مكتب القاضي'!$F:$F,"<>")-SUMIFS('مكتب القاضي'!$D:$D,'مكتب القاضي'!$C:$C,$A7,'مكتب القاضي'!$G:$G,"<>",'مكتب القاضي'!$F:$F,"")) -> 0 | D7: =IF($A7="","",SUMIFS(الاتشو!$D:$D,الاتشو!$C:$C,$A7,الاتشو!$F:$F,"<>")-SUMIFS(الاتشو!$D:$D,الاتشو!$C:$C,$A7,الاتشو!$G:$G,"<>",الاتشو!$F:$F,"")) -> 0 | E7: =IF($A7="","",SUMIFS('علاء بوم ارض النت'!$D:$D,'علاء بوم ارض النت'!$C:$C,$A7,'علاء بوم ارض النت'!$F:$F,"<>")-SUMIFS('علاء بوم ارض النت'!$D:$D,'علاء بوم ارض النت'!$C:$C,$A7,'علاء بوم ارض النت'!$G:$G,"<>",'علاء بوم ارض النت'!$F:$F,"")) -> 24 | F7: =IF($A7="","",SUMIFS('كيمو ميت ابو خالد'!$D:$D,'كيمو ميت ابو خالد'!$C:$C,$A7,'كيمو ميت ابو خالد'!$F:$F,"<>")-SUMIFS('كيمو ميت ابو خالد'!$D:$D,'كيمو ميت ابو خالد'!$C:$C,$A7,'كيمو ميت ابو خالد'!$G:$G,"<>",'كيمو ميت ابو خالد'!$F:$F,"")) -> 0 | G7: =IF($A7="","",SUMIFS(KAZO!$D:$D,KAZO!$C:$C,$A7,KAZO!$F:$F,"<>")-SUMIFS(KAZO!$D:$D,KAZO!$C:$C,$A7,KAZO!$G:$G,"<>",KAZO!$F:$F,"")) -> 0 | H7: =IF($A7="","",SUMIFS(LAFY!$D:$D,LAFY!$C:$C,$A7,LAFY!$F:$F,"<>")-SUMIFS(LAFY!$D:$D,LAFY!$C:$C,$A7,LAFY!$G:$G,"<>",LAFY!$F:$F,"")) -> 24 | I7: =IF($A7="","",SUMIFS('POINT زفتي (جديد)'!$D:$D,'POINT زفتي (جديد)'!$C:$C,$A7,'POINT زفتي (جديد)'!$F:$F,"<>")-SUMIFS('POINT زفتي (جديد)'!$D:$D,'POINT زفتي (جديد)'!$C:$C,$A7,'POINT زفتي (جديد)'!$G:$G,"<>",'POINT زفتي (جديد)'!$F:$F,"")) -> 0 | J7: =IF($A7="","",SUMIFS('POINT سعد زغلول (قديم)'!$D:$D,'POINT سعد زغلول (قديم)'!$C:$C,$A7,'POINT سعد زغلول (قديم)'!$F:$F,"<>")-SUMIFS('POINT سعد زغلول (قديم)'!$D:$D,'POINT سعد زغلول (قديم)'!$C:$C,$A7,'POINT سعد زغلول (قديم)'!$G:$G,"<>",'POINT سعد زغلول (قديم)'!$F:$F,"")) -> 0 | K7: =IF($A7="","",SUMIFS('POWER ارض النت'!$D:$D,'POWER ارض النت'!$C:$C,$A7,'POWER ارض النت'!$F:$F,"<>")-SUMIFS('POWER ارض النت'!$D:$D,'POWER ارض النت'!$C:$C,$A7,'POWER ارض النت'!$G:$G,"<>",'POWER ارض النت'!$F:$F,"")) -> 0 | L7: =IF($A7="","",SUMIFS('POWER زفتي'!$D:$D,'POWER زفتي'!$C:$C,$A7,'POWER زفتي'!$F:$F,"<>")-SUMIFS('POWER زفتي'!$D:$D,'POWER زفتي'!$C:$C,$A7,'POWER زفتي'!$G:$G,"<>",'POWER زفتي'!$F:$F,"")) -> 8 | M7: =IF($A7="","",SUMIFS('احمد المنوفي'!$D:$D,'احمد المنوفي'!$C:$C,$A7,'احمد المنوفي'!$F:$F,"<>")-SUMIFS('احمد المنوفي'!$D:$D,'احمد المنوفي'!$C:$C,$A7,'احمد المنوفي'!$G:$G,"<>",'احمد المنوفي'!$F:$F,"")) -> 0 | N7: =IF($A7="","",SUMIFS(السفير!$D:$D,السفير!$C:$C,$A7,السفير!$F:$F,"<>")-SUMIFS(السفير!$D:$D,السفير!$C:$C,$A7,السفير!$G:$G,"<>",السفير!$F:$F,"")) -> 0 | O7: =IF($A7="","",SUMIFS(العالمي!$D:$D,العالمي!$C:$C,$A7,العالمي!$F:$F,"<>")-SUMIFS(العالمي!$D:$D,العالمي!$C:$C,$A7,العالمي!$G:$G,"<>",العالمي!$F:$F,"")) -> 0 | P7: =IF($A7="","",SUMIFS('باهي التركي'!$D:$D,'باهي التركي'!$C:$C,$A7,'باهي التركي'!$F:$F,"<>")-SUMIFS('باهي التركي'!$D:$D,'باهي التركي'!$C:$C,$A7,'باهي التركي'!$G:$G,"<>",'باهي التركي'!$F:$F,"")) -> 0 | Q7: =IF($A7="","",SUMIFS('توتي دماص'!$D:$D,'توتي دماص'!$C:$C,$A7,'توتي دماص'!$F:$F,"<>")-SUMIFS('توتي دماص'!$D:$D,'توتي دماص'!$C:$C,$A7,'توتي دماص'!$G:$G,"<>",'توتي دماص'!$F:$F,"")) -> 0 | R7: =IF($A7="","",SUMIFS('رضا محمد'!$D:$D,'رضا محمد'!$C:$C,$A7,'رضا محمد'!$F:$F,"<>")-SUMIFS('رضا محمد'!$D:$D,'رضا محمد'!$C:$C,$A7,'رضا محمد'!$G:$G,"<>",'رضا محمد'!$F:$F,"")) -> 0 | S7: =IF($A7="","",SUMIFS('زومبي العشري'!$D:$D,'زومبي العشري'!$C:$C,$A7,'زومبي العشري'!$F:$F,"<>")-SUMIFS('زومبي العشري'!$D:$D,'زومبي العشري'!$C:$C,$A7,'زومبي العشري'!$G:$G,"<>",'زومبي العشري'!$F:$F,"")) -> 0 | T7: =IF($A7="","",SUMIFS('محمد عرابي'!$D:$D,'محمد عرابي'!$C:$C,$A7,'محمد عرابي'!$F:$F,"<>")-SUMIFS('محمد عرابي'!$D:$D,'محمد عرابي'!$C:$C,$A7,'محمد عرابي'!$G:$G,"<>",'محمد عرابي'!$F:$F,"")) -> 0 | U7: =IF($A7="","",SUMIFS('عم جمال'!$D:$D,'عم جمال'!$C:$C,$A7,'عم جمال'!$F:$F,"<>")-SUMIFS('عم جمال'!$D:$D,'عم جمال'!$C:$C,$A7,'عم جمال'!$G:$G,"<>",'عم جمال'!$F:$F,"")) -> 4 | V7: =IF($A7="","",SUMIFS('فاير سيليكت'!$D:$D,'فاير سيليكت'!$C:$C,$A7,'فاير سيليكت'!$F:$F,"<>")-SUMIFS('فاير سيليكت'!$D:$D,'فاير سيليكت'!$C:$C,$A7,'فاير سيليكت'!$G:$G,"<>",'فاير سيليكت'!$F:$F,"")) -> 0 | W7: =IF($A7="","",SUMIFS(فرانكو!$D:$D,فرانكو!$C:$C,$A7,فرانكو!$F:$F,"<>")-SUMIFS(فرانكو!$D:$D,فرانكو!$C:$C,$A7,فرانكو!$G:$G,"<>",فرانكو!$F:$F,"")) -> 0 | X7: =IF($A7="","",SUMIFS('كريم بكر'!$D:$D,'كريم بكر'!$C:$C,$A7,'كريم بكر'!$F:$F,"<>")-SUMIFS('كريم بكر'!$D:$D,'كريم بكر'!$C:$C,$A7,'كريم بكر'!$G:$G,"<>",'كريم بكر'!$F:$F,"")) -> 0 | Y7: =IF($A7="","",SUMIFS(بفرا!$D:$D,بفرا!$C:$C,$A7,بفرا!$F:$F,"<>")-SUMIFS(بفرا!$D:$D,بفرا!$C:$C,$A7,بفرا!$G:$G,"<>",بفرا!$F:$F,"")) -> 0 | Z7: =IF($A7="","",SUMIFS('محل كوم النور'!$D:$D,'محل كوم النور'!$C:$C,$A7,'محل كوم النور'!$F:$F,"<>")-SUMIFS('محل كوم النور'!$D:$D,'محل كوم النور'!$C:$C,$A7,'محل كوم النور'!$G:$G,"<>",'محل كوم النور'!$F:$F,"")) -> 0 | AA7: =IF($A7="","",SUMIFS('محمد النجار'!$D:$D,'محمد النجار'!$C:$C,$A7,'محمد النجار'!$F:$F,"<>")-SUMIFS('محمد النجار'!$D:$D,'محمد النجار'!$C:$C,$A7,'محمد النجار'!$G:$G,"<>",'محمد النجار'!$F:$F,"")) -> 0 | AB7: =IF($A7="","",SUMIFS('محمود عبدالرسول'!$D:$D,'محمود عبدالرسول'!$C:$C,$A7,'محمود عبدالرسول'!$F:$F,"<>")-SUMIFS('محمود عبدالرسول'!$D:$D,'محمود عبدالرسول'!$C:$C,$A7,'محمود عبدالرسول'!$G:$G,"<>",'محمود عبدالرسول'!$F:$F,"")) -> 0 | AC7: =IF($A7="","",SUMIFS('مول المصطفي'!$D:$D,'مول المصطفي'!$C:$C,$A7,'مول المصطفي'!$F:$F,"<>")-SUMIFS('مول المصطفي'!$D:$D,'مول المصطفي'!$C:$C,$A7,'مول المصطفي'!$G:$G,"<>",'مول المصطفي'!$F:$F,"")) -> 0 | AD7: =IF($A7="","",SUMIFS(مصانع!$D:$D,مصانع!$C:$C,$A7,مصانع!$F:$F,"<>")-SUMIFS(مصانع!$D:$D,مصانع!$C:$C,$A7,مصانع!$G:$G,"<>",مصانع!$F:$F,"")) -> 0 | AE7: =IF($A7="","",SUM(B7:AD7)) -> 60 | AF7: شروال شريط اوفر سايز | AG7: 60 | AH7: =IF(OR($A7="",AG7=""),"",AG7-AE7) -> 0 | AI7: 365 | AJ7: =IF(OR($A7="",AH7=""),"",AH7*AI7) -> 0
A8: B102 | B8: =IF($A8="","",SUMIFS('4K حموده'!$D:$D,'4K حموده'!$C:$C,$A8,'4K حموده'!$F:$F,"<>")-SUMIFS('4K حموده'!$D:$D,'4K حموده'!$C:$C,$A8,'4K حموده'!$G:$G,"<>",'4K حموده'!$F:$F,"")) -> 4 | C8: =IF($A8="","",SUMIFS('مكتب القاضي'!$D:$D,'مكتب القاضي'!$C:$C,$A8,'مكتب القاضي'!$F:$F,"<>")-SUMIFS('مكتب القاضي'!$D:$D,'مكتب القاضي'!$C:$C,$A8,'مكتب القاضي'!$G:$G,"<>",'مكتب القاضي'!$F:$F,"")) -> 0 | D8: =IF($A8="","",SUMIFS(الاتشو!$D:$D,الاتشو!$C:$C,$A8,الاتشو!$F:$F,"<>")-SUMIFS(الاتشو!$D:$D,الاتشو!$C:$C,$A8,الاتشو!$G:$G,"<>",الاتشو!$F:$F,"")) -> 0 | E8: =IF($A8="","",SUMIFS('علاء بوم ارض النت'!$D:$D,'علاء بوم ارض النت'!$C:$C,$A8,'علاء بوم ارض النت'!$F:$F,"<>")-SUMIFS('علاء بوم ارض النت'!$D:$D,'علاء بوم ارض النت'!$C:$C,$A8,'علاء بوم ارض النت'!$G:$G,"<>",'علاء بوم ارض النت'!$F:$F,"")) -> 20 | F8: =IF($A8="","",SUMIFS('كيمو ميت ابو خالد'!$D:$D,'كيمو ميت ابو خالد'!$C:$C,$A8,'كيمو ميت ابو خالد'!$F:$F,"<>")-SUMIFS('كيمو ميت ابو خالد'!$D:$D,'كيمو ميت ابو خالد'!$C:$C,$A8,'كيمو ميت ابو خالد'!$G:$G,"<>",'كيمو ميت ابو خالد'!$F:$F,"")) -> 0 | G8: =IF($A8="","",SUMIFS(KAZO!$D:$D,KAZO!$C:$C,$A8,KAZO!$F:$F,"<>")-SUMIFS(KAZO!$D:$D,KAZO!$C:$C,$A8,KAZO!$G:$G,"<>",KAZO!$F:$F,"")) -> 0 | H8: =IF($A8="","",SUMIFS(LAFY!$D:$D,LAFY!$C:$C,$A8,LAFY!$F:$F,"<>")-SUMIFS(LAFY!$D:$D,LAFY!$C:$C,$A8,LAFY!$G:$G,"<>",LAFY!$F:$F,"")) -> 0 | I8: =IF($A8="","",SUMIFS('POINT زفتي (جديد)'!$D:$D,'POINT زفتي (جديد)'!$C:$C,$A8,'POINT زفتي (جديد)'!$F:$F,"<>")-SUMIFS('POINT زفتي (جديد)'!$D:$D,'POINT زفتي (جديد)'!$C:$C,$A8,'POINT زفتي (جديد)'!$G:$G,"<>",'POINT زفتي (جديد)'!$F:$F,"")) -> 0 | J8: =IF($A8="","",SUMIFS('POINT سعد زغلول (قديم)'!$D:$D,'POINT سعد زغلول (قديم)'!$C:$C,$A8,'POINT سعد زغلول (قديم)'!$F:$F,"<>")-SUMIFS('POINT سعد زغلول (قديم)'!$D:$D,'POINT سعد زغلول (قديم)'!$C:$C,$A8,'POINT سعد زغلول (قديم)'!$G:$G,"<>",'POINT سعد زغلول (قديم)'!$F:$F,"")) -> 0 | K8: =IF($A8="","",SUMIFS('POWER ارض النت'!$D:$D,'POWER ارض النت'!$C:$C,$A8,'POWER ارض النت'!$F:$F,"<>")-SUMIFS('POWER ارض النت'!$D:$D,'POWER ارض النت'!$C:$C,$A8,'POWER ارض النت'!$G:$G,"<>",'POWER ارض النت'!$F:$F,"")) -> 0 | L8: =IF($A8="","",SUMIFS('POWER زفتي'!$D:$D,'POWER زفتي'!$C:$C,$A8,'POWER زفتي'!$F:$F,"<>")-SUMIFS('POWER زفتي'!$D:$D,'POWER زفتي'!$C:$C,$A8,'POWER زفتي'!$G:$G,"<>",'POWER زفتي'!$F:$F,"")) -> 0 | M8: =IF($A8="","",SUMIFS('احمد المنوفي'!$D:$D,'احمد المنوفي'!$C:$C,$A8,'احمد المنوفي'!$F:$F,"<>")-SUMIFS('احمد المنوفي'!$D:$D,'احمد المنوفي'!$C:$C,$A8,'احمد المنوفي'!$G:$G,"<>",'احمد المنوفي'!$F:$F,"")) -> 16 | N8: =IF($A8="","",SUMIFS(السفير!$D:$D,السفير!$C:$C,$A8,السفير!$F:$F,"<>")-SUMIFS(السفير!$D:$D,السفير!$C:$C,$A8,السفير!$G:$G,"<>",السفير!$F:$F,"")) -> 0 | O8: =IF($A8="","",SUMIFS(العالمي!$D:$D,العالمي!$C:$C,$A8,العالمي!$F:$F,"<>")-SUMIFS(العالمي!$D:$D,العالمي!$C:$C,$A8,العالمي!$G:$G,"<>",العالمي!$F:$F,"")) -> 0 | P8: =IF($A8="","",SUMIFS('باهي التركي'!$D:$D,'باهي التركي'!$C:$C,$A8,'باهي التركي'!$F:$F,"<>")-SUMIFS('باهي التركي'!$D:$D,'باهي التركي'!$C:$C,$A8,'باهي التركي'!$G:$G,"<>",'باهي التركي'!$F:$F,"")) -> 0 | Q8: =IF($A8="","",SUMIFS('توتي دماص'!$D:$D,'توتي دماص'!$C:$C,$A8,'توتي دماص'!$F:$F,"<>")-SUMIFS('توتي دماص'!$D:$D,'توتي دماص'!$C:$C,$A8,'توتي دماص'!$G:$G,"<>",'توتي دماص'!$F:$F,"")) -> 0 | R8: =IF($A8="","",SUMIFS('رضا محمد'!$D:$D,'رضا محمد'!$C:$C,$A8,'رضا محمد'!$F:$F,"<>")-SUMIFS('رضا محمد'!$D:$D,'رضا محمد'!$C:$C,$A8,'رضا محمد'!$G:$G,"<>",'رضا محمد'!$F:$F,"")) -> 0 | S8: =IF($A8="","",SUMIFS('زومبي العشري'!$D:$D,'زومبي العشري'!$C:$C,$A8,'زومبي العشري'!$F:$F,"<>")-SUMIFS('زومبي العشري'!$D:$D,'زومبي العشري'!$C:$C,$A8,'زومبي العشري'!$G:$G,"<>",'زومبي العشري'!$F:$F,"")) -> 0 | T8: =IF($A8="","",SUMIFS('محمد عرابي'!$D:$D,'محمد عرابي'!$C:$C,$A8,'محمد عرابي'!$F:$F,"<>")-SUMIFS('محمد عرابي'!$D:$D,'محمد عرابي'!$C:$C,$A8,'محمد عرابي'!$G:$G,"<>",'محمد عرابي'!$F:$F,"")) -> 0 | U8: =IF($A8="","",SUMIFS('عم جمال'!$D:$D,'عم جمال'!$C:$C,$A8,'عم جمال'!$F:$F,"<>")-SUMIFS('عم جمال'!$D:$D,'عم جمال'!$C:$C,$A8,'عم جمال'!$G:$G,"<>",'عم جمال'!$F:$F,"")) -> 0 | V8: =IF($A8="","",SUMIFS('فاير سيليكت'!$D:$D,'فاير سيليكت'!$C:$C,$A8,'فاير سيليكت'!$F:$F,"<>")-SUMIFS('فاير سيليكت'!$D:$D,'فاير سيليكت'!$C:$C,$A8,'فاير سيليكت'!$G:$G,"<>",'فاير سيليكت'!$F:$F,"")) -> 0 | W8: =IF($A8="","",SUMIFS(فرانكو!$D:$D,فرانكو!$C:$C,$A8,فرانكو!$F:$F,"<>")-SUMIFS(فرانكو!$D:$D,فرانكو!$C:$C,$A8,فرانكو!$G:$G,"<>",فرانكو!$F:$F,"")) -> 0 | X8: =IF($A8="","",SUMIFS('كريم بكر'!$D:$D,'كريم بكر'!$C:$C,$A8,'كريم بكر'!$F:$F,"<>")-SUMIFS('كريم بكر'!$D:$D,'كريم بكر'!$C:$C,$A8,'كريم بكر'!$G:$G,"<>",'كريم بكر'!$F:$F,"")) -> 0 | Y8: =IF($A8="","",SUMIFS(بفرا!$D:$D,بفرا!$C:$C,$A8,بفرا!$F:$F,"<>")-SUMIFS(بفرا!$D:$D,بفرا!$C:$C,$A8,بفرا!$G:$G,"<>",بفرا!$F:$F,"")) -> 0 | Z8: =IF($A8="","",SUMIFS('محل كوم النور'!$D:$D,'محل كوم النور'!$C:$C,$A8,'محل كوم النور'!$F:$F,"<>")-SUMIFS('محل كوم النور'!$D:$D,'محل كوم النور'!$C:$C,$A8,'محل كوم النور'!$G:$G,"<>",'محل كوم النور'!$F:$F,"")) -> 0 | AA8: =IF($A8="","",SUMIFS('محمد النجار'!$D:$D,'محمد النجار'!$C:$C,$A8,'محمد النجار'!$F:$F,"<>")-SUMIFS('محمد النجار'!$D:$D,'محمد النجار'!$C:$C,$A8,'محمد النجار'!$G:$G,"<>",'محمد النجار'!$F:$F,"")) -> 0 | AB8: =IF($A8="","",SUMIFS('محمود عبدالرسول'!$D:$D,'محمود عبدالرسول'!$C:$C,$A8,'محمود عبدالرسول'!$F:$F,"<>")-SUMIFS('محمود عبدالرسول'!$D:$D,'محمود عبدالرسول'!$C:$C,$A8,'محمود عبدالرسول'!$G:$G,"<>",'محمود عبدالرسول'!$F:$F,"")) -> 0 | AC8: =IF($A8="","",SUMIFS('مول المصطفي'!$D:$D,'مول المصطفي'!$C:$C,$A8,'مول المصطفي'!$F:$F,"<>")-SUMIFS('مول المصطفي'!$D:$D,'مول المصطفي'!$C:$C,$A8,'مول المصطفي'!$G:$G,"<>",'مول المصطفي'!$F:$F,"")) -> 0 | AD8: =IF($A8="","",SUMIFS(مصانع!$D:$D,مصانع!$C:$C,$A8,مصانع!$F:$F,"<>")-SUMIFS(مصانع!$D:$D,مصانع!$C:$C,$A8,مصانع!$G:$G,"<>",مصانع!$F:$F,"")) -> 0 | AE8: =IF($A8="","",SUM(B8:AD8)) -> 40 | AF8: شروال اديداس | AG8: 92 | AH8: =IF(OR($A8="",AG8=""),"",AG8-AE8) -> 52 | AI8: 350 | AJ8: =IF(OR($A8="",AH8=""),"",AH8*AI8) -> 18200
A9: B103 | B9: =IF($A9="","",SUMIFS('4K حموده'!$D:$D,'4K حموده'!$C:$C,$A9,'4K حموده'!$F:$F,"<>")-SUMIFS('4K حموده'!$D:$D,'4K حموده'!$C:$C,$A9,'4K حموده'!$G:$G,"<>",'4K حموده'!$F:$F,"")) -> 8 | C9: =IF($A9="","",SUMIFS('مكتب القاضي'!$D:$D,'مكتب القاضي'!$C:$C,$A9,'مكتب القاضي'!$F:$F,"<>")-SUMIFS('مكتب القاضي'!$D:$D,'مكتب القاضي'!$C:$C,$A9,'مكتب القاضي'!$G:$G,"<>",'مكتب القاضي'!$F:$F,"")) -> 0 | D9: =IF($A9="","",SUMIFS(الاتشو!$D:$D,الاتشو!$C:$C,$A9,الاتشو!$F:$F,"<>")-SUMIFS(الاتشو!$D:$D,الاتشو!$C:$C,$A9,الاتشو!$G:$G,"<>",الاتشو!$F:$F,"")) -> 0 | E9: =IF($A9="","",SUMIFS('علاء بوم ارض النت'!$D:$D,'علاء بوم ارض النت'!$C:$C,$A9,'علاء بوم ارض النت'!$F:$F,"<>")-SUMIFS('علاء بوم ارض النت'!$D:$D,'علاء بوم ارض النت'!$C:$C,$A9,'علاء بوم ارض النت'!$G:$G,"<>",'علاء بوم ارض النت'!$F:$F,"")) -> 24 | F9: =IF($A9="","",SUMIFS('كيمو ميت ابو خالد'!$D:$D,'كيمو ميت ابو خالد'!$C:$C,$A9,'كيمو ميت ابو خالد'!$F:$F,"<>")-SUMIFS('كيمو ميت ابو خالد'!$D:$D,'كيمو ميت ابو خالد'!$C:$C,$A9,'كيمو ميت ابو خالد'!$G:$G,"<>",'كيمو ميت ابو خالد'!$F:$F,"")) -> 0 | G9: =IF($A9="","",SUMIFS(KAZO!$D:$D,KAZO!$C:$C,$A9,KAZO!$F:$F,"<>")-SUMIFS(KAZO!$D:$D,KAZO!$C:$C,$A9,KAZO!$G:$G,"<>",KAZO!$F:$F,"")) -> 0 | H9: =IF($A9="","",SUMIFS(LAFY!$D:$D,LAFY!$C:$C,$A9,LAFY!$F:$F,"<>")-SUMIFS(LAFY!$D:$D,LAFY!$C:$C,$A9,LAFY!$G:$G,"<>",LAFY!$F:$F,"")) -> 36 | I9: =IF($A9="","",SUMIFS('POINT زفتي (جديد)'!$D:$D,'POINT زفتي (جديد)'!$C:$C,$A9,'POINT زفتي (جديد)'!$F:$F,"<>")-SUMIFS('POINT زفتي (جديد)'!$D:$D,'POINT زفتي (جديد)'!$C:$C,$A9,'POINT زفتي (جديد)'!$G:$G,"<>",'POINT زفتي (جديد)'!$F:$F,"")) -> 0 | J9: =IF($A9="","",SUMIFS('POINT سعد زغلول (قديم)'!$D:$D,'POINT سعد زغلول (قديم)'!$C:$C,$A9,'POINT سعد زغلول (قديم)'!$F:$F,"<>")-SUMIFS('POINT سعد زغلول (قديم)'!$D:$D,'POINT سعد زغلول (قديم)'!$C:$C,$A9,'POINT سعد زغلول (قديم)'!$G:$G,"<>",'POINT سعد زغلول (قديم)'!$F:$F,"")) -> 0 | K9: =IF($A9="","",SUMIFS('POWER ارض النت'!$D:$D,'POWER ارض النت'!$C:$C,$A9,'POWER ارض النت'!$F:$F,"<>")-SUMIFS('POWER ارض النت'!$D:$D,'POWER ارض النت'!$C:$C,$A9,'POWER ارض النت'!$G:$G,"<>",'POWER ارض النت'!$F:$F,"")) -> 0 | L9: =IF($A9="","",SUMIFS('POWER زفتي'!$D:$D,'POWER زفتي'!$C:$C,$A9,'POWER زفتي'!$F:$F,"<>")-SUMIFS('POWER زفتي'!$D:$D,'POWER زفتي'!$C:$C,$A9,'POWER زفتي'!$G:$G,"<>",'POWER زفتي'!$F:$F,"")) -> 0 | M9: =IF($A9="","",SUMIFS('احمد المنوفي'!$D:$D,'احمد المنوفي'!$C:$C,$A9,'احمد المنوفي'!$F:$F,"<>")-SUMIFS('احمد المنوفي'!$D:$D,'احمد المنوفي'!$C:$C,$A9,'احمد المنوفي'!$G:$G,"<>",'احمد المنوفي'!$F:$F,"")) -> 0 | N9: =IF($A9="","",SUMIFS(السفير!$D:$D,السفير!$C:$C,$A9,السفير!$F:$F,"<>")-SUMIFS(السفير!$D:$D,السفير!$C:$C,$A9,السفير!$G:$G,"<>",السفير!$F:$F,"")) -> 0 | O9: =IF($A9="","",SUMIFS(العالمي!$D:$D,العالمي!$C:$C,$A9,العالمي!$F:$F,"<>")-SUMIFS(العالمي!$D:$D,العالمي!$C:$C,$A9,العالمي!$G:$G,"<>",العالمي!$F:$F,"")) -> 0 | P9: =IF($A9="","",SUMIFS('باهي التركي'!$D:$D,'باهي التركي'!$C:$C,$A9,'باهي التركي'!$F:$F,"<>")-SUMIFS('باهي التركي'!$D:$D,'باهي التركي'!$C:$C,$A9,'باهي التركي'!$G:$G,"<>",'باهي التركي'!$F:$F,"")) -> 0 | Q9: =IF($A9="","",SUMIFS('توتي دماص'!$D:$D,'توتي دماص'!$C:$C,$A9,'توتي دماص'!$F:$F,"<>")-SUMIFS('توتي دماص'!$D:$D,'توتي دماص'!$C:$C,$A9,'توتي دماص'!$G:$G,"<>",'توتي دماص'!$F:$F,"")) -> 0 | R9: =IF($A9="","",SUMIFS('رضا محمد'!$D:$D,'رضا محمد'!$C:$C,$A9,'رضا محمد'!$F:$F,"<>")-SUMIFS('رضا محمد'!$D:$D,'رضا محمد'!$C:$C,$A9,'رضا محمد'!$G:$G,"<>",'رضا محمد'!$F:$F,"")) -> 0 | S9: =IF($A9="","",SUMIFS('زومبي العشري'!$D:$D,'زومبي العشري'!$C:$C,$A9,'زومبي العشري'!$F:$F,"<>")-SUMIFS('زومبي العشري'!$D:$D,'زومبي العشري'!$C:$C,$A9,'زومبي العشري'!$G:$G,"<>",'زومبي العشري'!$F:$F,"")) -> 0 | T9: =IF($A9="","",SUMIFS('محمد عرابي'!$D:$D,'محمد عرابي'!$C:$C,$A9,'محمد عرابي'!$F:$F,"<>")-SUMIFS('محمد عرابي'!$D:$D,'محمد عرابي'!$C:$C,$A9,'محمد عرابي'!$G:$G,"<>",'محمد عرابي'!$F:$F,"")) -> 1 | U9: =IF($A9="","",SUMIFS('عم جمال'!$D:$D,'عم جمال'!$C:$C,$A9,'عم جمال'!$F:$F,"<>")-SUMIFS('عم جمال'!$D:$D,'عم جمال'!$C:$C,$A9,'عم جمال'!$G:$G,"<>",'عم جمال'!$F:$F,"")) -> 0 | V9: =IF($A9="","",SUMIFS('فاير سيليكت'!$D:$D,'فاير سيليكت'!$C:$C,$A9,'فاير سيليكت'!$F:$F,"<>")-SUMIFS('فاير سيليكت'!$D:$D,'فاير سيليكت'!$C:$C,$A9,'فاير سيليكت'!$G:$G,"<>",'فاير سيليكت'!$F:$F,"")) -> 0 | W9: =IF($A9="","",SUMIFS(فرانكو!$D:$D,فرانكو!$C:$C,$A9,فرانكو!$F:$F,"<>")-SUMIFS(فرانكو!$D:$D,فرانكو!$C:$C,$A9,فرانكو!$G:$G,"<>",فرانكو!$F:$F,"")) -> 0 | X9: =IF($A9="","",SUMIFS('كريم بكر'!$D:$D,'كريم بكر'!$C:$C,$A9,'كريم بكر'!$F:$F,"<>")-SUMIFS('كريم بكر'!$D:$D,'كريم بكر'!$C:$C,$A9,'كريم بكر'!$G:$G,"<>",'كريم بكر'!$F:$F,"")) -> 0 | Y9: =IF($A9="","",SUMIFS(بفرا!$D:$D,بفرا!$C:$C,$A9,بفرا!$F:$F,"<>")-SUMIFS(بفرا!$D:$D,بفرا!$C:$C,$A9,بفرا!$G:$G,"<>",بفرا!$F:$F,"")) -> 0 | Z9: =IF($A9="","",SUMIFS('محل كوم النور'!$D:$D,'محل كوم النور'!$C:$C,$A9,'محل كوم النور'!$F:$F,"<>")-SUMIFS('محل كوم النور'!$D:$D,'محل كوم النور'!$C:$C,$A9,'محل كوم النور'!$G:$G,"<>",'محل كوم النور'!$F:$F,"")) -> 0 | AA9: =IF($A9="","",SUMIFS('محمد النجار'!$D:$D,'محمد النجار'!$C:$C,$A9,'محمد النجار'!$F:$F,"<>")-SUMIFS('محمد النجار'!$D:$D,'محمد النجار'!$C:$C,$A9,'محمد النجار'!$G:$G,"<>",'محمد النجار'!$F:$F,"")) -> 0 | AB9: =IF($A9="","",SUMIFS('محمود عبدالرسول'!$D:$D,'محمود عبدالرسول'!$C:$C,$A9,'محمود عبدالرسول'!$F:$F,"<>")-SUMIFS('محمود عبدالرسول'!$D:$D,'محمود عبدالرسول'!$C:$C,$A9,'محمود عبدالرسول'!$G:$G,"<>",'محمود عبدالرسول'!$F:$F,"")) -> 0 | AC9: =IF($A9="","",SUMIFS('مول المصطفي'!$D:$D,'مول المصطفي'!$C:$C,$A9,'مول المصطفي'!$F:$F,"<>")-SUMIFS('مول المصطفي'!$D:$D,'مول المصطفي'!$C:$C,$A9,'مول المصطفي'!$G:$G,"<>",'مول المصطفي'!$F:$F,"")) -> 0 | AD9: =IF($A9="","",SUMIFS(مصانع!$D:$D,مصانع!$C:$C,$A9,مصانع!$F:$F,"<>")-SUMIFS(مصانع!$D:$D,مصانع!$C:$C,$A9,مصانع!$G:$G,"<>",مصانع!$F:$F,"")) -> 0 | AE9: =IF($A9="","",SUM(B9:AD9)) -> 69 | AF9: شروال انترلوك وايد ليج اديداس | AG9: 116 | AH9: =IF(OR($A9="",AG9=""),"",AG9-AE9) -> 47 | AI9: 390 | AJ9: =IF(OR($A9="",AH9=""),"",AH9*AI9) -> 18330
A10: B104 | B10: =IF($A10="","",SUMIFS('4K حموده'!$D:$D,'4K حموده'!$C:$C,$A10,'4K حموده'!$F:$F,"<>")-SUMIFS('4K حموده'!$D:$D,'4K حموده'!$C:$C,$A10,'4K حموده'!$G:$G,"<>",'4K حموده'!$F:$F,"")) -> 12 | C10: =IF($A10="","",SUMIFS('مكتب القاضي'!$D:$D,'مكتب القاضي'!$C:$C,$A10,'مكتب القاضي'!$F:$F,"<>")-SUMIFS('مكتب القاضي'!$D:$D,'مكتب القاضي'!$C:$C,$A10,'مكتب القاضي'!$G:$G,"<>",'مكتب القاضي'!$F:$F,"")) -> 0 | D10: =IF($A10="","",SUMIFS(الاتشو!$D:$D,الاتشو!$C:$C,$A10,الاتشو!$F:$F,"<>")-SUMIFS(الاتشو!$D:$D,الاتشو!$C:$C,$A10,الاتشو!$G:$G,"<>",الاتشو!$F:$F,"")) -> 0 | E10: =IF($A10="","",SUMIFS('علاء بوم ارض النت'!$D:$D,'علاء بوم ارض النت'!$C:$C,$A10,'علاء بوم ارض النت'!$F:$F,"<>")-SUMIFS('علاء بوم ارض النت'!$D:$D,'علاء بوم ارض النت'!$C:$C,$A10,'علاء بوم ارض النت'!$G:$G,"<>",'علاء بوم ارض النت'!$F:$F,"")) -> 23 | F10: =IF($A10="","",SUMIFS('كيمو ميت ابو خالد'!$D:$D,'كيمو ميت ابو خالد'!$C:$C,$A10,'كيمو ميت ابو خالد'!$F:$F,"<>")-SUMIFS('كيمو ميت ابو خالد'!$D:$D,'كيمو ميت ابو خالد'!$C:$C,$A10,'كيمو ميت ابو خالد'!$G:$G,"<>",'كيمو ميت ابو خالد'!$F:$F,"")) -> 0 | G10: =IF($A10="","",SUMIFS(KAZO!$D:$D,KAZO!$C:$C,$A10,KAZO!$F:$F,"<>")-SUMIFS(KAZO!$D:$D,KAZO!$C:$C,$A10,KAZO!$G:$G,"<>",KAZO!$F:$F,"")) -> 0 | H10: =IF($A10="","",SUMIFS(LAFY!$D:$D,LAFY!$C:$C,$A10,LAFY!$F:$F,"<>")-SUMIFS(LAFY!$D:$D,LAFY!$C:$C,$A10,LAFY!$G:$G,"<>",LAFY!$F:$F,"")) -> 36 | I10: =IF($A10="","",SUMIFS('POINT زفتي (جديد)'!$D:$D,'POINT زفتي (جديد)'!$C:$C,$A10,'POINT زفتي (جديد)'!$F:$F,"<>")-SUMIFS('POINT زفتي (جديد)'!$D:$D,'POINT زفتي (جديد)'!$C:$C,$A10,'POINT زفتي (جديد)'!$G:$G,"<>",'POINT زفتي (جديد)'!$F:$F,"")) -> 12 | J10: =IF($A10="","",SUMIFS('POINT سعد زغلول (قديم)'!$D:$D,'POINT سعد زغلول (قديم)'!$C:$C,$A10,'POINT سعد زغلول (قديم)'!$F:$F,"<>")-SUMIFS('POINT سعد زغلول (قديم)'!$D:$D,'POINT سعد زغلول (قديم)'!$C:$C,$A10,'POINT سعد زغلول (قديم)'!$G:$G,"<>",'POINT سعد زغلول (قديم)'!$F:$F,"")) -> 0 | K10: =IF($A10="","",SUMIFS('POWER ارض النت'!$D:$D,'POWER ارض النت'!$C:$C,$A10,'POWER ارض النت'!$F:$F,"<>")-SUMIFS('POWER ارض النت'!$D:$D,'POWER ارض النت'!$C:$C,$A10,'POWER ارض النت'!$G:$G,"<>",'POWER ارض النت'!$F:$F,"")) -> 0 | L10: =IF($A10="","",SUMIFS('POWER زفتي'!$D:$D,'POWER زفتي'!$C:$C,$A10,'POWER زفتي'!$F:$F,"<>")-SUMIFS('POWER زفتي'!$D:$D,'POWER زفتي'!$C:$C,$A10,'POWER زفتي'!$G:$G,"<>",'POWER زفتي'!$F:$F,"")) -> 12 | M10: =IF($A10="","",SUMIFS('احمد المنوفي'!$D:$D,'احمد المنوفي'!$C:$C,$A10,'احمد المنوفي'!$F:$F,"<>")-SUMIFS('احمد المنوفي'!$D:$D,'احمد المنوفي'!$C:$C,$A10,'احمد المنوفي'!$G:$G,"<>",'احمد المنوفي'!$F:$F,"")) -> 0 | N10: =IF($A10="","",SUMIFS(السفير!$D:$D,السفير!$C:$C,$A10,السفير!$F:$F,"<>")-SUMIFS(السفير!$D:$D,السفير!$C:$C,$A10,السفير!$G:$G,"<>",السفير!$F:$F,"")) -> 0 | O10: =IF($A10="","",SUMIFS(العالمي!$D:$D,العالمي!$C:$C,$A10,العالمي!$F:$F,"<>")-SUMIFS(العالمي!$D:$D,العالمي!$C:$C,$A10,العالمي!$G:$G,"<>",العالمي!$F:$F,"")) -> 0 | P10: =IF($A10="","",SUMIFS('باهي التركي'!$D:$D,'باهي التركي'!$C:$C,$A10,'باهي التركي'!$F:$F,"<>")-SUMIFS('باهي التركي'!$D:$D,'باهي التركي'!$C:$C,$A10,'باهي التركي'!$G:$G,"<>",'باهي التركي'!$F:$F,"")) -> 0 | Q10: =IF($A10="","",SUMIFS('توتي دماص'!$D:$D,'توتي دماص'!$C:$C,$A10,'توتي دماص'!$F:$F,"<>")-SUMIFS('توتي دماص'!$D:$D,'توتي دماص'!$C:$C,$A10,'توتي دماص'!$G:$G,"<>",'توتي دماص'!$F:$F,"")) -> 0 | R10: =IF($A10="","",SUMIFS('رضا محمد'!$D:$D,'رضا محمد'!$C:$C,$A10,'رضا محمد'!$F:$F,"<>")-SUMIFS('رضا محمد'!$D:$D,'رضا محمد'!$C:$C,$A10,'رضا محمد'!$G:$G,"<>",'رضا محمد'!$F:$F,"")) -> 0 | S10: =IF($A10="","",SUMIFS('زومبي العشري'!$D:$D,'زومبي العشري'!$C:$C,$A10,'زومبي العشري'!$F:$F,"<>")-SUMIFS('زومبي العشري'!$D:$D,'زومبي العشري'!$C:$C,$A10,'زومبي العشري'!$G:$G,"<>",'زومبي العشري'!$F:$F,"")) -> 0 | T10: =IF($A10="","",SUMIFS('محمد عرابي'!$D:$D,'محمد عرابي'!$C:$C,$A10,'محمد عرابي'!$F:$F,"<>")-SUMIFS('محمد عرابي'!$D:$D,'محمد عرابي'!$C:$C,$A10,'محمد عرابي'!$G:$G,"<>",'محمد عرابي'!$F:$F,"")) -> 8 | U10: =IF($A10="","",SUMIFS('عم جمال'!$D:$D,'عم جمال'!$C:$C,$A10,'عم جمال'!$F:$F,"<>")-SUMIFS('عم جمال'!$D:$D,'عم جمال'!$C:$C,$A10,'عم جمال'!$G:$G,"<>",'عم جمال'!$F:$F,"")) -> 20 | V10: =IF($A10="","",SUMIFS('فاير سيليكت'!$D:$D,'فاير سيليكت'!$C:$C,$A10,'فاير سيليكت'!$F:$F,"<>")-SUMIFS('فاير سيليكت'!$D:$D,'فاير سيليكت'!$C:$C,$A10,'فاير سيليكت'!$G:$G,"<>",'فاير سيليكت'!$F:$F,"")) -> 0 | W10: =IF($A10="","",SUMIFS(فرانكو!$D:$D,فرانكو!$C:$C,$A10,فرانكو!$F:$F,"<>")-SUMIFS(فرانكو!$D:$D,فرانكو!$C:$C,$A10,فرانكو!$G:$G,"<>",فرانكو!$F:$F,"")) -> 0 | X10: =IF($A10="","",SUMIFS('كريم بكر'!$D:$D,'كريم بكر'!$C:$C,$A10,'كريم بكر'!$F:$F,"<>")-SUMIFS('كريم بكر'!$D:$D,'كريم بكر'!$C:$C,$A10,'كريم بكر'!$G:$G,"<>",'كريم بكر'!$F:$F,"")) -> 0 | Y10: =IF($A10="","",SUMIFS(بفرا!$D:$D,بفرا!$C:$C,$A10,بفرا!$F:$F,"<>")-SUMIFS(بفرا!$D:$D,بفرا!$C:$C,$A10,بفرا!$G:$G,"<>",بفرا!$F:$F,"")) -> 0 | Z10: =IF($A10="","",SUMIFS('محل كوم النور'!$D:$D,'محل كوم النور'!$C:$C,$A10,'محل كوم النور'!$F:$F,"<>")-SUMIFS('محل كوم النور'!$D:$D,'محل كوم النور'!$C:$C,$A10,'محل كوم النور'!$G:$G,"<>",'محل كوم النور'!$F:$F,"")) -> 0 | AA10: =IF($A10="","",SUMIFS('محمد النجار'!$D:$D,'محمد النجار'!$C:$C,$A10,'محمد النجار'!$F:$F,"<>")-SUMIFS('محمد النجار'!$D:$D,'محمد النجار'!$C:$C,$A10,'محمد النجار'!$G:$G,"<>",'محمد النجار'!$F:$F,"")) -> 12 | AB10: =IF($A10="","",SUMIFS('محمود عبدالرسول'!$D:$D,'محمود عبدالرسول'!$C:$C,$A10,'محمود عبدالرسول'!$F:$F,"<>")-SUMIFS('محمود عبدالرسول'!$D:$D,'محمود عبدالرسول'!$C:$C,$A10,'محمود عبدالرسول'!$G:$G,"<>",'محمود عبدالرسول'!$F:$F,"")) -> 0 | AC10: =IF($A10="","",SUMIFS('مول المصطفي'!$D:$D,'مول المصطفي'!$C:$C,$A10,'مول المصطفي'!$F:$F,"<>")-SUMIFS('مول المصطفي'!$D:$D,'مول المصطفي'!$C:$C,$A10,'مول المصطفي'!$G:$G,"<>",'مول المصطفي'!$F:$F,"")) -> 0 | AD10: =IF($A10="","",SUMIFS(مصانع!$D:$D,مصانع!$C:$C,$A10,مصانع!$F:$F,"<>")-SUMIFS(مصانع!$D:$D,مصانع!$C:$C,$A10,مصانع!$G:$G,"<>",مصانع!$F:$F,"")) -> 0 | AE10: =IF($A10="","",SUM(B10:AD10)) -> 135 | AF10: شروال قصات انترلوك | AG10: 148 | AH10: =IF(OR($A10="",AG10=""),"",AG10-AE10) -> 13 | AI10: 350 | AJ10: =IF(OR($A10="",AH10=""),"",AH10*AI10) -> 4550
A11: B07 | B11: =IF($A11="","",SUMIFS('4K حموده'!$D:$D,'4K حموده'!$C:$C,$A11,'4K حموده'!$F:$F,"<>")-SUMIFS('4K حموده'!$D:$D,'4K حموده'!$C:$C,$A11,'4K حموده'!$G:$G,"<>",'4K حموده'!$F:$F,"")) -> 4 | C11: =IF($A11="","",SUMIFS('مكتب القاضي'!$D:$D,'مكتب القاضي'!$C:$C,$A11,'مكتب القاضي'!$F:$F,"<>")-SUMIFS('مكتب القاضي'!$D:$D,'مكتب القاضي'!$C:$C,$A11,'مكتب القاضي'!$G:$G,"<>",'مكتب القاضي'!$F:$F,"")) -> 0 | D11: =IF($A11="","",SUMIFS(الاتشو!$D:$D,الاتشو!$C:$C,$A11,الاتشو!$F:$F,"<>")-SUMIFS(الاتشو!$D:$D,الاتشو!$C:$C,$A11,الاتشو!$G:$G,"<>",الاتشو!$F:$F,"")) -> 0 | E11: =IF($A11="","",SUMIFS('علاء بوم ارض النت'!$D:$D,'علاء بوم ارض النت'!$C:$C,$A11,'علاء بوم ارض النت'!$F:$F,"<>")-SUMIFS('علاء بوم ارض النت'!$D:$D,'علاء بوم ارض النت'!$C:$C,$A11,'علاء بوم ارض النت'!$G:$G,"<>",'علاء بوم ارض النت'!$F:$F,"")) -> 28 | F11: =IF($A11="","",SUMIFS('كيمو ميت ابو خالد'!$D:$D,'كيمو ميت ابو خالد'!$C:$C,$A11,'كيمو ميت ابو خالد'!$F:$F,"<>")-SUMIFS('كيمو ميت ابو خالد'!$D:$D,'كيمو ميت ابو خالد'!$C:$C,$A11,'كيمو ميت ابو خالد'!$G:$G,"<>",'كيمو ميت ابو خالد'!$F:$F,"")) -> 0 | G11: =IF($A11="","",SUMIFS(KAZO!$D:$D,KAZO!$C:$C,$A11,KAZO!$F:$F,"<>")-SUMIFS(KAZO!$D:$D,KAZO!$C:$C,$A11,KAZO!$G:$G,"<>",KAZO!$F:$F,"")) -> 0 | H11: =IF($A11="","",SUMIFS(LAFY!$D:$D,LAFY!$C:$C,$A11,LAFY!$F:$F,"<>")-SUMIFS(LAFY!$D:$D,LAFY!$C:$C,$A11,LAFY!$G:$G,"<>",LAFY!$F:$F,"")) -> 0 | I11: =IF($A11="","",SUMIFS('POINT زفتي (جديد)'!$D:$D,'POINT زفتي (جديد)'!$C:$C,$A11,'POINT زفتي (جديد)'!$F:$F,"<>")-SUMIFS('POINT زفتي (جديد)'!$D:$D,'POINT زفتي (جديد)'!$C:$C,$A11,'POINT زفتي (جديد)'!$G:$G,"<>",'POINT زفتي (جديد)'!$F:$F,"")) -> 4 | J11: =IF($A11="","",SUMIFS('POINT سعد زغلول (قديم)'!$D:$D,'POINT سعد زغلول (قديم)'!$C:$C,$A11,'POINT سعد زغلول (قديم)'!$F:$F,"<>")-SUMIFS('POINT سعد زغلول (قديم)'!$D:$D,'POINT سعد زغلول (قديم)'!$C:$C,$A11,'POINT سعد زغلول (قديم)'!$G:$G,"<>",'POINT سعد زغلول (قديم)'!$F:$F,"")) -> 0 | K11: =IF($A11="","",SUMIFS('POWER ارض النت'!$D:$D,'POWER ارض النت'!$C:$C,$A11,'POWER ارض النت'!$F:$F,"<>")-SUMIFS('POWER ارض النت'!$D:$D,'POWER ارض النت'!$C:$C,$A11,'POWER ارض النت'!$G:$G,"<>",'POWER ارض النت'!$F:$F,"")) -> 0 | L11: =IF($A11="","",SUMIFS('POWER زفتي'!$D:$D,'POWER زفتي'!$C:$C,$A11,'POWER زفتي'!$F:$F,"<>")-SUMIFS('POWER زفتي'!$D:$D,'POWER زفتي'!$C:$C,$A11,'POWER زفتي'!$G:$G,"<>",'POWER زفتي'!$F:$F,"")) -> 0 | M11: =IF($A11="","",SUMIFS('احمد المنوفي'!$D:$D,'احمد المنوفي'!$C:$C,$A11,'احمد المنوفي'!$F:$F,"<>")-SUMIFS('احمد المنوفي'!$D:$D,'احمد المنوفي'!$C:$C,$A11,'احمد المنوفي'!$G:$G,"<>",'احمد المنوفي'!$F:$F,"")) -> 0 | N11: =IF($A11="","",SUMIFS(السفير!$D:$D,السفير!$C:$C,$A11,السفير!$F:$F,"<>")-SUMIFS(السفير!$D:$D,السفير!$C:$C,$A11,السفير!$G:$G,"<>",السفير!$F:$F,"")) -> 0 | O11: =IF($A11="","",SUMIFS(العالمي!$D:$D,العالمي!$C:$C,$A11,العالمي!$F:$F,"<>")-SUMIFS(العالمي!$D:$D,العالمي!$C:$C,$A11,العالمي!$G:$G,"<>",العالمي!$F:$F,"")) -> 0 | P11: =IF($A11="","",SUMIFS('باهي التركي'!$D:$D,'باهي التركي'!$C:$C,$A11,'باهي التركي'!$F:$F,"<>")-SUMIFS('باهي التركي'!$D:$D,'باهي التركي'!$C:$C,$A11,'باهي التركي'!$G:$G,"<>",'باهي التركي'!$F:$F,"")) -> 12 | Q11: =IF($A11="","",SUMIFS('توتي دماص'!$D:$D,'توتي دماص'!$C:$C,$A11,'توتي دماص'!$F:$F,"<>")-SUMIFS('توتي دماص'!$D:$D,'توتي دماص'!$C:$C,$A11,'توتي دماص'!$G:$G,"<>",'توتي دماص'!$F:$F,"")) -> 0 | R11: =IF($A11="","",SUMIFS('رضا محمد'!$D:$D,'رضا محمد'!$C:$C,$A11,'رضا محمد'!$F:$F,"<>")-SUMIFS('رضا محمد'!$D:$D,'رضا محمد'!$C:$C,$A11,'رضا محمد'!$G:$G,"<>",'رضا محمد'!$F:$F,"")) -> 0 | S11: =IF($A11="","",SUMIFS('زومبي العشري'!$D:$D,'زومبي العشري'!$C:$C,$A11,'زومبي العشري'!$F:$F,"<>")-SUMIFS('زومبي العشري'!$D:$D,'زومبي العشري'!$C:$C,$A11,'زومبي العشري'!$G:$G,"<>",'زومبي العشري'!$F:$F,"")) -> 0 | T11: =IF($A11="","",SUMIFS('محمد عرابي'!$D:$D,'محمد عرابي'!$C:$C,$A11,'محمد عرابي'!$F:$F,"<>")-SUMIFS('محمد عرابي'!$D:$D,'محمد عرابي'!$C:$C,$A11,'محمد عرابي'!$G:$G,"<>",'محمد عرابي'!$F:$F,"")) -> 0 | U11: =IF($A11="","",SUMIFS('عم جمال'!$D:$D,'عم جمال'!$C:$C,$A11,'عم جمال'!$F:$F,"<>")-SUMIFS('عم جمال'!$D:$D,'عم جمال'!$C:$C,$A11,'عم جمال'!$G:$G,"<>",'عم جمال'!$F:$F,"")) -> 0 | V11: =IF($A11="","",SUMIFS('فاير سيليكت'!$D:$D,'فاير سيليكت'!$C:$C,$A11,'فاير سيليكت'!$F:$F,"<>")-SUMIFS('فاير سيليكت'!$D:$D,'فاير سيليكت'!$C:$C,$A11,'فاير سيليكت'!$G:$G,"<>",'فاير سيليكت'!$F:$F,"")) -> 0 | W11: =IF($A11="","",SUMIFS(فرانكو!$D:$D,فرانكو!$C:$C,$A11,فرانكو!$F:$F,"<>")-SUMIFS(فرانكو!$D:$D,فرانكو!$C:$C,$A11,فرانكو!$G:$G,"<>",فرانكو!$F:$F,"")) -> 0 | X11: =IF($A11="","",SUMIFS('كريم بكر'!$D:$D,'كريم بكر'!$C:$C,$A11,'كريم بكر'!$F:$F,"<>")-SUMIFS('كريم بكر'!$D:$D,'كريم بكر'!$C:$C,$A11,'كريم بكر'!$G:$G,"<>",'كريم بكر'!$F:$F,"")) -> 0 | Y11: =IF($A11="","",SUMIFS(بفرا!$D:$D,بفرا!$C:$C,$A11,بفرا!$F:$F,"<>")-SUMIFS(بفرا!$D:$D,بفرا!$C:$C,$A11,بفرا!$G:$G,"<>",بفرا!$F:$F,"")) -> 0 | Z11: =IF($A11="","",SUMIFS('محل كوم النور'!$D:$D,'محل كوم النور'!$C:$C,$A11,'محل كوم النور'!$F:$F,"<>")-SUMIFS('محل كوم النور'!$D:$D,'محل كوم النور'!$C:$C,$A11,'محل كوم النور'!$G:$G,"<>",'محل كوم النور'!$F:$F,"")) -> 0 | AA11: =IF($A11="","",SUMIFS('محمد النجار'!$D:$D,'محمد النجار'!$C:$C,$A11,'محمد النجار'!$F:$F,"<>")-SUMIFS('محمد النجار'!$D:$D,'محمد النجار'!$C:$C,$A11,'محمد النجار'!$G:$G,"<>",'محمد النجار'!$F:$F,"")) -> 0 | AB11: =IF($A11="","",SUMIFS('محمود عبدالرسول'!$D:$D,'محمود عبدالرسول'!$C:$C,$A11,'محمود عبدالرسول'!$F:$F,"<>")-SUMIFS('محمود عبدالرسول'!$D:$D,'محمود عبدالرسول'!$C:$C,$A11,'محمود عبدالرسول'!$G:$G,"<>",'محمود عبدالرسول'!$F:$F,"")) -> 8 | AC11: =IF($A11="","",SUMIFS('مول المصطفي'!$D:$D,'مول المصطفي'!$C:$C,$A11,'مول المصطفي'!$F:$F,"<>")-SUMIFS('مول المصطفي'!$D:$D,'مول المصطفي'!$C:$C,$A11,'مول المصطفي'!$G:$G,"<>",'مول المصطفي'!$F:$F,"")) -> 0 | AD11: =IF($A11="","",SUMIFS(مصانع!$D:$D,مصانع!$C:$C,$A11,مصانع!$F:$F,"<>")-SUMIFS(مصانع!$D:$D,مصانع!$C:$C,$A11,مصانع!$G:$G,"<>",مصانع!$F:$F,"")) -> 0 | AE11: =IF($A11="","",SUM(B11:AD11)) -> 56 | AF11: شروال وايد ليج | AG11: 96 | AH11: =IF(OR($A11="",AG11=""),"",AG11-AE11) -> 40 | AI11: 330 | AJ11: =IF(OR($A11="",AH11=""),"",AH11*AI11) -> 13200
A12: B06 | B12: =IF($A12="","",SUMIFS('4K حموده'!$D:$D,'4K حموده'!$C:$C,$A12,'4K حموده'!$F:$F,"<>")-SUMIFS('4K حموده'!$D:$D,'4K حموده'!$C:$C,$A12,'4K حموده'!$G:$G,"<>",'4K حموده'!$F:$F,"")) -> 0 | C12: =IF($A12="","",SUMIFS('مكتب القاضي'!$D:$D,'مكتب القاضي'!$C:$C,$A12,'مكتب القاضي'!$F:$F,"<>")-SUMIFS('مكتب القاضي'!$D:$D,'مكتب القاضي'!$C:$C,$A12,'مكتب القاضي'!$G:$G,"<>",'مكتب القاضي'!$F:$F,"")) -> 1 | D12: =IF($A12="","",SUMIFS(الاتشو!$D:$D,الاتشو!$C:$C,$A12,الاتشو!$F:$F,"<>")-SUMIFS(الاتشو!$D:$D,الاتشو!$C:$C,$A12,الاتشو!$G:$G,"<>",الاتشو!$F:$F,"")) -> 0 | E12: =IF($A12="","",SUMIFS('علاء بوم ارض النت'!$D:$D,'علاء بوم ارض النت'!$C:$C,$A12,'علاء بوم ارض النت'!$F:$F,"<>")-SUMIFS('علاء بوم ارض النت'!$D:$D,'علاء بوم ارض النت'!$C:$C,$A12,'علاء بوم ارض النت'!$G:$G,"<>",'علاء بوم ارض النت'!$F:$F,"")) -> 12 | F12: =IF($A12="","",SUMIFS('كيمو ميت ابو خالد'!$D:$D,'كيمو ميت ابو خالد'!$C:$C,$A12,'كيمو ميت ابو خالد'!$F:$F,"<>")-SUMIFS('كيمو ميت ابو خالد'!$D:$D,'كيمو ميت ابو خالد'!$C:$C,$A12,'كيمو ميت ابو خالد'!$G:$G,"<>",'كيمو ميت ابو خالد'!$F:$F,"")) -> 0 | G12: =IF($A12="","",SUMIFS(KAZO!$D:$D,KAZO!$C:$C,$A12,KAZO!$F:$F,"<>")-SUMIFS(KAZO!$D:$D,KAZO!$C:$C,$A12,KAZO!$G:$G,"<>",KAZO!$F:$F,"")) -> 0 | H12: =IF($A12="","",SUMIFS(LAFY!$D:$D,LAFY!$C:$C,$A12,LAFY!$F:$F,"<>")-SUMIFS(LAFY!$D:$D,LAFY!$C:$C,$A12,LAFY!$G:$G,"<>",LAFY!$F:$F,"")) -> 0 | I12: =IF($A12="","",SUMIFS('POINT زفتي (جديد)'!$D:$D,'POINT زفتي (جديد)'!$C:$C,$A12,'POINT زفتي (جديد)'!$F:$F,"<>")-SUMIFS('POINT زفتي (جديد)'!$D:$D,'POINT زفتي (جديد)'!$C:$C,$A12,'POINT زفتي (جديد)'!$G:$G,"<>",'POINT زفتي (جديد)'!$F:$F,"")) -> 0 | J12: =IF($A12="","",SUMIFS('POINT سعد زغلول (قديم)'!$D:$D,'POINT سعد زغلول (قديم)'!$C:$C,$A12,'POINT سعد زغلول (قديم)'!$F:$F,"<>")-SUMIFS('POINT سعد زغلول (قديم)'!$D:$D,'POINT سعد زغلول (قديم)'!$C:$C,$A12,'POINT سعد زغلول (قديم)'!$G:$G,"<>",'POINT سعد زغلول (قديم)'!$F:$F,"")) -> 0 | K12: =IF($A12="","",SUMIFS('POWER ارض النت'!$D:$D,'POWER ارض النت'!$C:$C,$A12,'POWER ارض النت'!$F:$F,"<>")-SUMIFS('POWER ارض النت'!$D:$D,'POWER ارض النت'!$C:$C,$A12,'POWER ارض النت'!$G:$G,"<>",'POWER ارض النت'!$F:$F,"")) -> 8 | L12: =IF($A12="","",SUMIFS('POWER زفتي'!$D:$D,'POWER زفتي'!$C:$C,$A12,'POWER زفتي'!$F:$F,"<>")-SUMIFS('POWER زفتي'!$D:$D,'POWER زفتي'!$C:$C,$A12,'POWER زفتي'!$G:$G,"<>",'POWER زفتي'!$F:$F,"")) -> 4 | M12: =IF($A12="","",SUMIFS('احمد المنوفي'!$D:$D,'احمد المنوفي'!$C:$C,$A12,'احمد المنوفي'!$F:$F,"<>")-SUMIFS('احمد المنوفي'!$D:$D,'احمد المنوفي'!$C:$C,$A12,'احمد المنوفي'!$G:$G,"<>",'احمد المنوفي'!$F:$F,"")) -> 0 | N12: =IF($A12="","",SUMIFS(السفير!$D:$D,السفير!$C:$C,$A12,السفير!$F:$F,"<>")-SUMIFS(السفير!$D:$D,السفير!$C:$C,$A12,السفير!$G:$G,"<>",السفير!$F:$F,"")) -> 0 | O12: =IF($A12="","",SUMIFS(العالمي!$D:$D,العالمي!$C:$C,$A12,العالمي!$F:$F,"<>")-SUMIFS(العالمي!$D:$D,العالمي!$C:$C,$A12,العالمي!$G:$G,"<>",العالمي!$F:$F,"")) -> 0 | P12: =IF($A12="","",SUMIFS('باهي التركي'!$D:$D,'باهي التركي'!$C:$C,$A12,'باهي التركي'!$F:$F,"<>")-SUMIFS('باهي التركي'!$D:$D,'باهي التركي'!$C:$C,$A12,'باهي التركي'!$G:$G,"<>",'باهي التركي'!$F:$F,"")) -> 8 | Q12: =IF($A12="","",SUMIFS('توتي دماص'!$D:$D,'توتي دماص'!$C:$C,$A12,'توتي دماص'!$F:$F,"<>")-SUMIFS('توتي دماص'!$D:$D,'توتي دماص'!$C:$C,$A12,'توتي دماص'!$G:$G,"<>",'توتي دماص'!$F:$F,"")) -> 0 | R12: =IF($A12="","",SUMIFS('رضا محمد'!$D:$D,'رضا محمد'!$C:$C,$A12,'رضا محمد'!$F:$F,"<>")-SUMIFS('رضا محمد'!$D:$D,'رضا محمد'!$C:$C,$A12,'رضا محمد'!$G:$G,"<>",'رضا محمد'!$F:$F,"")) -> 6 | S12: =IF($A12="","",SUMIFS('زومبي العشري'!$D:$D,'زومبي العشري'!$C:$C,$A12,'زومبي العشري'!$F:$F,"<>")-SUMIFS('زومبي العشري'!$D:$D,'زومبي العشري'!$C:$C,$A12,'زومبي العشري'!$G:$G,"<>",'زومبي العشري'!$F:$F,"")) -> 0 | T12: =IF($A12="","",SUMIFS('محمد عرابي'!$D:$D,'محمد عرابي'!$C:$C,$A12,'محمد عرابي'!$F:$F,"<>")-SUMIFS('محمد عرابي'!$D:$D,'محمد عرابي'!$C:$C,$A12,'محمد عرابي'!$G:$G,"<>",'محمد عرابي'!$F:$F,"")) -> 0 | U12: =IF($A12="","",SUMIFS('عم جمال'!$D:$D,'عم جمال'!$C:$C,$A12,'عم جمال'!$F:$F,"<>")-SUMIFS('عم جمال'!$D:$D,'عم جمال'!$C:$C,$A12,'عم جمال'!$G:$G,"<>",'عم جمال'!$F:$F,"")) -> 0 | V12: =IF($A12="","",SUMIFS('فاير سيليكت'!$D:$D,'فاير سيليكت'!$C:$C,$A12,'فاير سيليكت'!$F:$F,"<>")-SUMIFS('فاير سيليكت'!$D:$D,'فاير سيليكت'!$C:$C,$A12,'فاير سيليكت'!$G:$G,"<>",'فاير سيليكت'!$F:$F,"")) -> 0 | W12: =IF($A12="","",SUMIFS(فرانكو!$D:$D,فرانكو!$C:$C,$A12,فرانكو!$F:$F,"<>")-SUMIFS(فرانكو!$D:$D,فرانكو!$C:$C,$A12,فرانكو!$G:$G,"<>",فرانكو!$F:$F,"")) -> 0 | X12: =IF($A12="","",SUMIFS('كريم بكر'!$D:$D,'كريم بكر'!$C:$C,$A12,'كريم بكر'!$F:$F,"<>")-SUMIFS('كريم بكر'!$D:$D,'كريم بكر'!$C:$C,$A12,'كريم بكر'!$G:$G,"<>",'كريم بكر'!$F:$F,"")) -> 0 | Y12: =IF($A12="","",SUMIFS(بفرا!$D:$D,بفرا!$C:$C,$A12,بفرا!$F:$F,"<>")-SUMIFS(بفرا!$D:$D,بفرا!$C:$C,$A12,بفرا!$G:$G,"<>",بفرا!$F:$F,"")) -> 0 | Z12: =IF($A12="","",SUMIFS('محل كوم النور'!$D:$D,'محل كوم النور'!$C:$C,$A12,'محل كوم النور'!$F:$F,"<>")-SUMIFS('محل كوم النور'!$D:$D,'محل كوم النور'!$C:$C,$A12,'محل كوم النور'!$G:$G,"<>",'محل كوم النور'!$F:$F,"")) -> 0 | AA12: =IF($A12="","",SUMIFS('محمد النجار'!$D:$D,'محمد النجار'!$C:$C,$A12,'محمد النجار'!$F:$F,"<>")-SUMIFS('محمد النجار'!$D:$D,'محمد النجار'!$C:$C,$A12,'محمد النجار'!$G:$G,"<>",'محمد النجار'!$F:$F,"")) -> 0 | AB12: =IF($A12="","",SUMIFS('محمود عبدالرسول'!$D:$D,'محمود عبدالرسول'!$C:$C,$A12,'محمود عبدالرسول'!$F:$F,"<>")-SUMIFS('محمود عبدالرسول'!$D:$D,'محمود عبدالرسول'!$C:$C,$A12,'محمود عبدالرسول'!$G:$G,"<>",'محمود عبدالرسول'!$F:$F,"")) -> 0 | AC12: =IF($A12="","",SUMIFS('مول المصطفي'!$D:$D,'مول المصطفي'!$C:$C,$A12,'مول المصطفي'!$F:$F,"<>")-SUMIFS('مول المصطفي'!$D:$D,'مول المصطفي'!$C:$C,$A12,'مول المصطفي'!$G:$G,"<>",'مول المصطفي'!$F:$F,"")) -> 0 | AD12: =IF($A12="","",SUMIFS(مصانع!$D:$D,مصانع!$C:$C,$A12,مصانع!$F:$F,"<>")-SUMIFS(مصانع!$D:$D,مصانع!$C:$C,$A12,مصانع!$G:$G,"<>",مصانع!$F:$F,"")) -> 0 | AE12: =IF($A12="","",SUM(B12:AD12)) -> 39 | AF12: ترنج انترلوك NR | AG12: 80 | AH12: =IF(OR($A12="",AG12=""),"",AG12-AE12) -> 41 | AI12: 800 | AJ12: =IF(OR($A12="",AH12=""),"",AH12*AI12) -> 32800
A13: B1000 | B13: =IF($A13="","",SUMIFS('4K حموده'!$D:$D,'4K حموده'!$C:$C,$A13,'4K حموده'!$F:$F,"<>")-SUMIFS('4K حموده'!$D:$D,'4K حموده'!$C:$C,$A13,'4K حموده'!$G:$G,"<>",'4K حموده'!$F:$F,"")) -> 0 | C13: =IF($A13="","",SUMIFS('مكتب القاضي'!$D:$D,'مكتب القاضي'!$C:$C,$A13,'مكتب القاضي'!$F:$F,"<>")-SUMIFS('مكتب القاضي'!$D:$D,'مكتب القاضي'!$C:$C,$A13,'مكتب القاضي'!$G:$G,"<>",'مكتب القاضي'!$F:$F,"")) -> 0 | D13: =IF($A13="","",SUMIFS(الاتشو!$D:$D,الاتشو!$C:$C,$A13,الاتشو!$F:$F,"<>")-SUMIFS(الاتشو!$D:$D,الاتشو!$C:$C,$A13,الاتشو!$G:$G,"<>",الاتشو!$F:$F,"")) -> 0 | E13: =IF($A13="","",SUMIFS('علاء بوم ارض النت'!$D:$D,'علاء بوم ارض النت'!$C:$C,$A13,'علاء بوم ارض النت'!$F:$F,"<>")-SUMIFS('علاء بوم ارض النت'!$D:$D,'علاء بوم ارض النت'!$C:$C,$A13,'علاء بوم ارض النت'!$G:$G,"<>",'علاء بوم ارض النت'!$F:$F,"")) -> 12 | F13: =IF($A13="","",SUMIFS('كيمو ميت ابو خالد'!$D:$D,'كيمو ميت ابو خالد'!$C:$C,$A13,'كيمو ميت ابو خالد'!$F:$F,"<>")-SUMIFS('كيمو ميت ابو خالد'!$D:$D,'كيمو ميت ابو خالد'!$C:$C,$A13,'كيمو ميت ابو خالد'!$G:$G,"<>",'كيمو ميت ابو خالد'!$F:$F,"")) -> 0 | G13: =IF($A13="","",SUMIFS(KAZO!$D:$D,KAZO!$C:$C,$A13,KAZO!$F:$F,"<>")-SUMIFS(KAZO!$D:$D,KAZO!$C:$C,$A13,KAZO!$G:$G,"<>",KAZO!$F:$F,"")) -> 0 | H13: =IF($A13="","",SUMIFS(LAFY!$D:$D,LAFY!$C:$C,$A13,LAFY!$F:$F,"<>")-SUMIFS(LAFY!$D:$D,LAFY!$C:$C,$A13,LAFY!$G:$G,"<>",LAFY!$F:$F,"")) -> 0 | I13: =IF($A13="","",SUMIFS('POINT زفتي (جديد)'!$D:$D,'POINT زفتي (جديد)'!$C:$C,$A13,'POINT زفتي (جديد)'!$F:$F,"<>")-SUMIFS('POINT زفتي (جديد)'!$D:$D,'POINT زفتي (جديد)'!$C:$C,$A13,'POINT زفتي (جديد)'!$G:$G,"<>",'POINT زفتي (جديد)'!$F:$F,"")) -> 0 | J13: =IF($A13="","",SUMIFS('POINT سعد زغلول (قديم)'!$D:$D,'POINT سعد زغلول (قديم)'!$C:$C,$A13,'POINT سعد زغلول (قديم)'!$F:$F,"<>")-SUMIFS('POINT سعد زغلول (قديم)'!$D:$D,'POINT سعد زغلول (قديم)'!$C:$C,$A13,'POINT سعد زغلول (قديم)'!$G:$G,"<>",'POINT سعد زغلول (قديم)'!$F:$F,"")) -> 0 | K13: =IF($A13="","",SUMIFS('POWER ارض النت'!$D:$D,'POWER ارض النت'!$C:$C,$A13,'POWER ارض النت'!$F:$F,"<>")-SUMIFS('POWER ارض النت'!$D:$D,'POWER ارض النت'!$C:$C,$A13,'POWER ارض النت'!$G:$G,"<>",'POWER ارض النت'!$F:$F,"")) -> 0 | L13: =IF($A13="","",SUMIFS('POWER زفتي'!$D:$D,'POWER زفتي'!$C:$C,$A13,'POWER زفتي'!$F:$F,"<>")-SUMIFS('POWER زفتي'!$D:$D,'POWER زفتي'!$C:$C,$A13,'POWER زفتي'!$G:$G,"<>",'POWER زفتي'!$F:$F,"")) -> 0 | M13: =IF($A13="","",SUMIFS('احمد المنوفي'!$D:$D,'احمد المنوفي'!$C:$C,$A13,'احمد المنوفي'!$F:$F,"<>")-SUMIFS('احمد المنوفي'!$D:$D,'احمد المنوفي'!$C:$C,$A13,'احمد المنوفي'!$G:$G,"<>",'احمد المنوفي'!$F:$F,"")) -> 0 | N13: =IF($A13="","",SUMIFS(السفير!$D:$D,السفير!$C:$C,$A13,السفير!$F:$F,"<>")-SUMIFS(السفير!$D:$D,السفير!$C:$C,$A13,السفير!$G:$G,"<>",السفير!$F:$F,"")) -> 0 | O13: =IF($A13="","",SUMIFS(العالمي!$D:$D,العالمي!$C:$C,$A13,العالمي!$F:$F,"<>")-SUMIFS(العالمي!$D:$D,العالمي!$C:$C,$A13,العالمي!$G:$G,"<>",العالمي!$F:$F,"")) -> 0 | P13: =IF($A13="","",SUMIFS('باهي التركي'!$D:$D,'باهي التركي'!$C:$C,$A13,'باهي التركي'!$F:$F,"<>")-SUMIFS('باهي التركي'!$D:$D,'باهي التركي'!$C:$C,$A13,'باهي التركي'!$G:$G,"<>",'باهي التركي'!$F:$F,"")) -> 0 | Q13: =IF($A13="","",SUMIFS('توتي دماص'!$D:$D,'توتي دماص'!$C:$C,$A13,'توتي دماص'!$F:$F,"<>")-SUMIFS('توتي دماص'!$D:$D,'توتي دماص'!$C:$C,$A13,'توتي دماص'!$G:$G,"<>",'توتي دماص'!$F:$F,"")) -> 0 | R13: =IF($A13="","",SUMIFS('رضا محمد'!$D:$D,'رضا محمد'!$C:$C,$A13,'رضا محمد'!$F:$F,"<>")-SUMIFS('رضا محمد'!$D:$D,'رضا محمد'!$C:$C,$A13,'رضا محمد'!$G:$G,"<>",'رضا محمد'!$F:$F,"")) -> 0 | S13: =IF($A13="","",SUMIFS('زومبي العشري'!$D:$D,'زومبي العشري'!$C:$C,$A13,'زومبي العشري'!$F:$F,"<>")-SUMIFS('زومبي العشري'!$D:$D,'زومبي العشري'!$C:$C,$A13,'زومبي العشري'!$G:$G,"<>",'زومبي العشري'!$F:$F,"")) -> 0 | T13: =IF($A13="","",SUMIFS('محمد عرابي'!$D:$D,'محمد عرابي'!$C:$C,$A13,'محمد عرابي'!$F:$F,"<>")-SUMIFS('محمد عرابي'!$D:$D,'محمد عرابي'!$C:$C,$A13,'محمد عرابي'!$G:$G,"<>",'محمد عرابي'!$F:$F,"")) -> 0 | U13: =IF($A13="","",SUMIFS('عم جمال'!$D:$D,'عم جمال'!$C:$C,$A13,'عم جمال'!$F:$F,"<>")-SUMIFS('عم جمال'!$D:$D,'عم جمال'!$C:$C,$A13,'عم جمال'!$G:$G,"<>",'عم جمال'!$F:$F,"")) -> 0 | V13: =IF($A13="","",SUMIFS('فاير سيليكت'!$D:$D,'فاير سيليكت'!$C:$C,$A13,'فاير سيليكت'!$F:$F,"<>")-SUMIFS('فاير سيليكت'!$D:$D,'فاير سيليكت'!$C:$C,$A13,'فاير سيليكت'!$G:$G,"<>",'فاير سيليكت'!$F:$F,"")) -> 0 | W13: =IF($A13="","",SUMIFS(فرانكو!$D:$D,فرانكو!$C:$C,$A13,فرانكو!$F:$F,"<>")-SUMIFS(فرانكو!$D:$D,فرانكو!$C:$C,$A13,فرانكو!$G:$G,"<>",فرانكو!$F:$F,"")) -> 0 | X13: =IF($A13="","",SUMIFS('كريم بكر'!$D:$D,'كريم بكر'!$C:$C,$A13,'كريم بكر'!$F:$F,"<>")-SUMIFS('كريم بكر'!$D:$D,'كريم بكر'!$C:$C,$A13,'كريم بكر'!$G:$G,"<>",'كريم بكر'!$F:$F,"")) -> 0 | Y13: =IF($A13="","",SUMIFS(بفرا!$D:$D,بفرا!$C:$C,$A13,بفرا!$F:$F,"<>")-SUMIFS(بفرا!$D:$D,بفرا!$C:$C,$A13,بفرا!$G:$G,"<>",بفرا!$F:$F,"")) -> 0 | Z13: =IF($A13="","",SUMIFS('محل كوم النور'!$D:$D,'محل كوم النور'!$C:$C,$A13,'محل كوم النور'!$F:$F,"<>")-SUMIFS('محل كوم النور'!$D:$D,'محل كوم النور'!$C:$C,$A13,'محل كوم النور'!$G:$G,"<>",'محل كوم النور'!$F:$F,"")) -> 0 | AA13: =IF($A13="","",SUMIFS('محمد النجار'!$D:$D,'محمد النجار'!$C:$C,$A13,'محمد النجار'!$F:$F,"<>")-SUMIFS('محمد النجار'!$D:$D,'محمد النجار'!$C:$C,$A13,'محمد النجار'!$G:$G,"<>",'محمد النجار'!$F:$F,"")) -> 0 | AB13: =IF($A13="","",SUMIFS('محمود عبدالرسول'!$D:$D,'محمود عبدالرسول'!$C:$C,$A13,'محمود عبدالرسول'!$F:$F,"<>")-SUMIFS('محمود عبدالرسول'!$D:$D,'محمود عبدالرسول'!$C:$C,$A13,'محمود عبدالرسول'!$G:$G,"<>",'محمود عبدالرسول'!$F:$F,"")) -> 0 | AC13: =IF($A13="","",SUMIFS('مول المصطفي'!$D:$D,'مول المصطفي'!$C:$C,$A13,'مول المصطفي'!$F:$F,"<>")-SUMIFS('مول المصطفي'!$D:$D,'مول المصطفي'!$C:$C,$A13,'مول المصطفي'!$G:$G,"<>",'مول المصطفي'!$F:$F,"")) -> 0 | AD13: =IF($A13="","",SUMIFS(مصانع!$D:$D,مصانع!$C:$C,$A13,مصانع!$F:$F,"<>")-SUMIFS(مصانع!$D:$D,مصانع!$C:$C,$A13,مصانع!$G:$G,"<>",مصانع!$F:$F,"")) -> 0 | AE13: =IF($A13="","",SUM(B13:AD13)) -> 12 | AF13: شروال انترلوك وايد ليج | AG13: 24 | AH13: =IF(OR($A13="",AG13=""),"",AG13-AE13) -> 12 | AI13: 385 | AJ13: =IF(OR($A13="",AH13=""),"",AH13*AI13) -> 4620
A14: B1003 | B14: =IF($A14="","",SUMIFS('4K حموده'!$D:$D,'4K حموده'!$C:$C,$A14,'4K حموده'!$F:$F,"<>")-SUMIFS('4K حموده'!$D:$D,'4K حموده'!$C:$C,$A14,'4K حموده'!$G:$G,"<>",'4K حموده'!$F:$F,"")) -> 0 | C14: =IF($A14="","",SUMIFS('مكتب القاضي'!$D:$D,'مكتب القاضي'!$C:$C,$A14,'مكتب القاضي'!$F:$F,"<>")-SUMIFS('مكتب القاضي'!$D:$D,'مكتب القاضي'!$C:$C,$A14,'مكتب القاضي'!$G:$G,"<>",'مكتب القاضي'!$F:$F,"")) -> 0 | D14: =IF($A14="","",SUMIFS(الاتشو!$D:$D,الاتشو!$C:$C,$A14,الاتشو!$F:$F,"<>")-SUMIFS(الاتشو!$D:$D,الاتشو!$C:$C,$A14,الاتشو!$G:$G,"<>",الاتشو!$F:$F,"")) -> 0 | E14: =IF($A14="","",SUMIFS('علاء بوم ارض النت'!$D:$D,'علاء بوم ارض النت'!$C:$C,$A14,'علاء بوم ارض النت'!$F:$F,"<>")-SUMIFS('علاء بوم ارض النت'!$D:$D,'علاء بوم ارض النت'!$C:$C,$A14,'علاء بوم ارض النت'!$G:$G,"<>",'علاء بوم ارض النت'!$F:$F,"")) -> 20 | F14: =IF($A14="","",SUMIFS('كيمو ميت ابو خالد'!$D:$D,'كيمو ميت ابو خالد'!$C:$C,$A14,'كيمو ميت ابو خالد'!$F:$F,"<>")-SUMIFS('كيمو ميت ابو خالد'!$D:$D,'كيمو ميت ابو خالد'!$C:$C,$A14,'كيمو ميت ابو خالد'!$G:$G,"<>",'كيمو ميت ابو خالد'!$F:$F,"")) -> 0 | G14: =IF($A14="","",SUMIFS(KAZO!$D:$D,KAZO!$C:$C,$A14,KAZO!$F:$F,"<>")-SUMIFS(KAZO!$D:$D,KAZO!$C:$C,$A14,KAZO!$G:$G,"<>",KAZO!$F:$F,"")) -> 0 | H14: =IF($A14="","",SUMIFS(LAFY!$D:$D,LAFY!$C:$C,$A14,LAFY!$F:$F,"<>")-SUMIFS(LAFY!$D:$D,LAFY!$C:$C,$A14,LAFY!$G:$G,"<>",LAFY!$F:$F,"")) -> 0 | I14: =IF($A14="","",SUMIFS('POINT زفتي (جديد)'!$D:$D,'POINT زفتي (جديد)'!$C:$C,$A14,'POINT زفتي (جديد)'!$F:$F,"<>")-SUMIFS('POINT زفتي (جديد)'!$D:$D,'POINT زفتي (جديد)'!$C:$C,$A14,'POINT زفتي (جديد)'!$G:$G,"<>",'POINT زفتي (جديد)'!$F:$F,"")) -> 0 | J14: =IF($A14="","",SUMIFS('POINT سعد زغلول (قديم)'!$D:$D,'POINT سعد زغلول (قديم)'!$C:$C,$A14,'POINT سعد زغلول (قديم)'!$F:$F,"<>")-SUMIFS('POINT سعد زغلول (قديم)'!$D:$D,'POINT سعد زغلول (قديم)'!$C:$C,$A14,'POINT سعد زغلول (قديم)'!$G:$G,"<>",'POINT سعد زغلول (قديم)'!$F:$F,"")) -> 0 | K14: =IF($A14="","",SUMIFS('POWER ارض النت'!$D:$D,'POWER ارض النت'!$C:$C,$A14,'POWER ارض النت'!$F:$F,"<>")-SUMIFS('POWER ارض النت'!$D:$D,'POWER ارض النت'!$C:$C,$A14,'POWER ارض النت'!$G:$G,"<>",'POWER ارض النت'!$F:$F,"")) -> 0 | L14: =IF($A14="","",SUMIFS('POWER زفتي'!$D:$D,'POWER زفتي'!$C:$C,$A14,'POWER زفتي'!$F:$F,"<>")-SUMIFS('POWER زفتي'!$D:$D,'POWER زفتي'!$C:$C,$A14,'POWER زفتي'!$G:$G,"<>",'POWER زفتي'!$F:$F,"")) -> 0 | M14: =IF($A14="","",SUMIFS('احمد المنوفي'!$D:$D,'احمد المنوفي'!$C:$C,$A14,'احمد المنوفي'!$F:$F,"<>")-SUMIFS('احمد المنوفي'!$D:$D,'احمد المنوفي'!$C:$C,$A14,'احمد المنوفي'!$G:$G,"<>",'احمد المنوفي'!$F:$F,"")) -> 0 | N14: =IF($A14="","",SUMIFS(السفير!$D:$D,السفير!$C:$C,$A14,السفير!$F:$F,"<>")-SUMIFS(السفير!$D:$D,السفير!$C:$C,$A14,السفير!$G:$G,"<>",السفير!$F:$F,"")) -> 0 | O14: =IF($A14="","",SUMIFS(العالمي!$D:$D,العالمي!$C:$C,$A14,العالمي!$F:$F,"<>")-SUMIFS(العالمي!$D:$D,العالمي!$C:$C,$A14,العالمي!$G:$G,"<>",العالمي!$F:$F,"")) -> 0 | P14: =IF($A14="","",SUMIFS('باهي التركي'!$D:$D,'باهي التركي'!$C:$C,$A14,'باهي التركي'!$F:$F,"<>")-SUMIFS('باهي التركي'!$D:$D,'باهي التركي'!$C:$C,$A14,'باهي التركي'!$G:$G,"<>",'باهي التركي'!$F:$F,"")) -> 0 | Q14: =IF($A14="","",SUMIFS('توتي دماص'!$D:$D,'توتي دماص'!$C:$C,$A14,'توتي دماص'!$F:$F,"<>")-SUMIFS('توتي دماص'!$D:$D,'توتي دماص'!$C:$C,$A14,'توتي دماص'!$G:$G,"<>",'توتي دماص'!$F:$F,"")) -> 0 | R14: =IF($A14="","",SUMIFS('رضا محمد'!$D:$D,'رضا محمد'!$C:$C,$A14,'رضا محمد'!$F:$F,"<>")-SUMIFS('رضا محمد'!$D:$D,'رضا محمد'!$C:$C,$A14,'رضا محمد'!$G:$G,"<>",'رضا محمد'!$F:$F,"")) -> 0 | S14: =IF($A14="","",SUMIFS('زومبي العشري'!$D:$D,'زومبي العشري'!$C:$C,$A14,'زومبي العشري'!$F:$F,"<>")-SUMIFS('زومبي العشري'!$D:$D,'زومبي العشري'!$C:$C,$A14,'زومبي العشري'!$G:$G,"<>",'زومبي العشري'!$F:$F,"")) -> 0 | T14: =IF($A14="","",SUMIFS('محمد عرابي'!$D:$D,'محمد عرابي'!$C:$C,$A14,'محمد عرابي'!$F:$F,"<>")-SUMIFS('محمد عرابي'!$D:$D,'محمد عرابي'!$C:$C,$A14,'محمد عرابي'!$G:$G,"<>",'محمد عرابي'!$F:$F,"")) -> 0 | U14: =IF($A14="","",SUMIFS('عم جمال'!$D:$D,'عم جمال'!$C:$C,$A14,'عم جمال'!$F:$F,"<>")-SUMIFS('عم جمال'!$D:$D,'عم جمال'!$C:$C,$A14,'عم جمال'!$G:$G,"<>",'عم جمال'!$F:$F,"")) -> 0 | V14: =IF($A14="","",SUMIFS('فاير سيليكت'!$D:$D,'فاير سيليكت'!$C:$C,$A14,'فاير سيليكت'!$F:$F,"<>")-SUMIFS('فاير سيليكت'!$D:$D,'فاير سيليكت'!$C:$C,$A14,'فاير سيليكت'!$G:$G,"<>",'فاير سيليكت'!$F:$F,"")) -> 0 | W14: =IF($A14="","",SUMIFS(فرانكو!$D:$D,فرانكو!$C:$C,$A14,فرانكو!$F:$F,"<>")-SUMIFS(فرانكو!$D:$D,فرانكو!$C:$C,$A14,فرانكو!$G:$G,"<>",فرانكو!$F:$F,"")) -> 0 | X14: =IF($A14="","",SUMIFS('كريم بكر'!$D:$D,'كريم بكر'!$C:$C,$A14,'كريم بكر'!$F:$F,"<>")-SUMIFS('كريم بكر'!$D:$D,'كريم بكر'!$C:$C,$A14,'كريم بكر'!$G:$G,"<>",'كريم بكر'!$F:$F,"")) -> 0 | Y14: =IF($A14="","",SUMIFS(بفرا!$D:$D,بفرا!$C:$C,$A14,بفرا!$F:$F,"<>")-SUMIFS(بفرا!$D:$D,بفرا!$C:$C,$A14,بفرا!$G:$G,"<>",بفرا!$F:$F,"")) -> 0 | Z14: =IF($A14="","",SUMIFS('محل كوم النور'!$D:$D,'محل كوم النور'!$C:$C,$A14,'محل كوم النور'!$F:$F,"<>")-SUMIFS('محل كوم النور'!$D:$D,'محل كوم النور'!$C:$C,$A14,'محل كوم النور'!$G:$G,"<>",'محل كوم النور'!$F:$F,"")) -> 0 | AA14: =IF($A14="","",SUMIFS('محمد النجار'!$D:$D,'محمد النجار'!$C:$C,$A14,'محمد النجار'!$F:$F,"<>")-SUMIFS('محمد النجار'!$D:$D,'محمد النجار'!$C:$C,$A14,'محمد النجار'!$G:$G,"<>",'محمد النجار'!$F:$F,"")) -> 0 | AB14: =IF($A14="","",SUMIFS('محمود عبدالرسول'!$D:$D,'محمود عبدالرسول'!$C:$C,$A14,'محمود عبدالرسول'!$F:$F,"<>")-SUMIFS('محمود عبدالرسول'!$D:$D,'محمود عبدالرسول'!$C:$C,$A14,'محمود عبدالرسول'!$G:$G,"<>",'محمود عبدالرسول'!$F:$F,"")) -> 0 | AC14: =IF($A14="","",SUMIFS('مول المصطفي'!$D:$D,'مول المصطفي'!$C:$C,$A14,'مول المصطفي'!$F:$F,"<>")-SUMIFS('مول المصطفي'!$D:$D,'مول المصطفي'!$C:$C,$A14,'مول المصطفي'!$G:$G,"<>",'مول المصطفي'!$F:$F,"")) -> 0 | AD14: =IF($A14="","",SUMIFS(مصانع!$D:$D,مصانع!$C:$C,$A14,مصانع!$F:$F,"<>")-SUMIFS(مصانع!$D:$D,مصانع!$C:$C,$A14,مصانع!$G:$G,"<>",مصانع!$F:$F,"")) -> 0 | AE14: =IF($A14="","",SUM(B14:AD14)) -> 20 | AF14: شرروال اولد ماني | AG14: 24 | AH14: =IF(OR($A14="",AG14=""),"",AG14-AE14) -> 4 | AI14: 385 | AJ14: =IF(OR($A14="",AH14=""),"",AH14*AI14) -> 1540
... A16: B1004 | B16: =IF($A16="","",SUMIFS('4K حموده'!$D:$D,'4K حموده'!$C:$C,$A16,'4K حموده'!$F:$F,"<>")-SUMIFS('4K حموده'!$D:$D,'4K حموده'!$C:$C,$A16,'4K حموده'!$G:$G,"<>",'4K حموده'!$F:$F,"")) -> 0 | C16: =IF($A16="","",SUMIFS('مكتب القاضي'!$D:$D,'مكتب القاضي'!$C:$C,$A16,'مكتب القاضي'!$F:$F,"<>")-SUMIFS('مكتب القاضي'!$D:$D,'مكتب القاضي'!$C:$C,$A16,'مكتب القاضي'!$G:$G,"<>",'مكتب القاضي'!$F:$F,"")) -> 0 | D16: =IF($A16="","",SUMIFS(الاتشو!$D:$D,الاتشو!$C:$C,$A16,الاتشو!$F:$F,"<>")-SUMIFS(الاتشو!$D:$D,الاتشو!$C:$C,$A16,الاتشو!$G:$G,"<>",الاتشو!$F:$F,"")) -> 0 | E16: =IF($A16="","",SUMIFS('علاء بوم ارض النت'!$D:$D,'علاء بوم ارض النت'!$C:$C,$A16,'علاء بوم ارض النت'!$F:$F,"<>")-SUMIFS('علاء بوم ارض النت'!$D:$D,'علاء بوم ارض النت'!$C:$C,$A16,'علاء بوم ارض النت'!$G:$G,"<>",'علاء بوم ارض النت'!$F:$F,"")) -> 4 | F16: =IF($A16="","",SUMIFS('كيمو ميت ابو خالد'!$D:$D,'كيمو ميت ابو خالد'!$C:$C,$A16,'كيمو ميت ابو خالد'!$F:$F,"<>")-SUMIFS('كيمو ميت ابو خالد'!$D:$D,'كيمو ميت ابو خالد'!$C:$C,$A16,'كيمو ميت ابو خالد'!$G:$G,"<>",'كيمو ميت ابو خالد'!$F:$F,"")) -> 0 | G16: =IF($A16="","",SUMIFS(KAZO!$D:$D,KAZO!$C:$C,$A16,KAZO!$F:$F,"<>")-SUMIFS(KAZO!$D:$D,KAZO!$C:$C,$A16,KAZO!$G:$G,"<>",KAZO!$F:$F,"")) -> 0 | H16: =IF($A16="","",SUMIFS(LAFY!$D:$D,LAFY!$C:$C,$A16,LAFY!$F:$F,"<>")-SUMIFS(LAFY!$D:$D,LAFY!$C:$C,$A16,LAFY!$G:$G,"<>",LAFY!$F:$F,"")) -> 0 | I16: =IF($A16="","",SUMIFS('POINT زفتي (جديد)'!$D:$D,'POINT زفتي (جديد)'!$C:$C,$A16,'POINT زفتي (جديد)'!$F:$F,"<>")-SUMIFS('POINT زفتي (جديد)'!$D:$D,'POINT زفتي (جديد)'!$C:$C,$A16,'POINT زفتي (جديد)'!$G:$G,"<>",'POINT زفتي (جديد)'!$F:$F,"")) -> 0 | J16: =IF($A16="","",SUMIFS('POINT سعد زغلول (قديم)'!$D:$D,'POINT سعد زغلول (قديم)'!$C:$C,$A16,'POINT سعد زغلول (قديم)'!$F:$F,"<>")-SUMIFS('POINT سعد زغلول (قديم)'!$D:$D,'POINT سعد زغلول (قديم)'!$C:$C,$A16,'POINT سعد زغلول (قديم)'!$G:$G,"<>",'POINT سعد زغلول (قديم)'!$F:$F,"")) -> 0 | K16: =IF($A16="","",SUMIFS('POWER ارض النت'!$D:$D,'POWER ارض النت'!$C:$C,$A16,'POWER ارض النت'!$F:$F,"<>")-SUMIFS('POWER ارض النت'!$D:$D,'POWER ارض النت'!$C:$C,$A16,'POWER ارض النت'!$G:$G,"<>",'POWER ارض النت'!$F:$F,"")) -> 0 | L16: =IF($A16="","",SUMIFS('POWER زفتي'!$D:$D,'POWER زفتي'!$C:$C,$A16,'POWER زفتي'!$F:$F,"<>")-SUMIFS('POWER زفتي'!$D:$D,'POWER زفتي'!$C:$C,$A16,'POWER زفتي'!$G:$G,"<>",'POWER زفتي'!$F:$F,"")) -> 0 | M16: =IF($A16="","",SUMIFS('احمد المنوفي'!$D:$D,'احمد المنوفي'!$C:$C,$A16,'احمد المنوفي'!$F:$F,"<>")-SUMIFS('احمد المنوفي'!$D:$D,'احمد المنوفي'!$C:$C,$A16,'احمد المنوفي'!$G:$G,"<>",'احمد المنوفي'!$F:$F,"")) -> 0 | N16: =IF($A16="","",SUMIFS(السفير!$D:$D,السفير!$C:$C,$A16,السفير!$F:$F,"<>")-SUMIFS(السفير!$D:$D,السفير!$C:$C,$A16,السفير!$G:$G,"<>",السفير!$F:$F,"")) -> 0 | O16: =IF($A16="","",SUMIFS(العالمي!$D:$D,العالمي!$C:$C,$A16,العالمي!$F:$F,"<>")-SUMIFS(العالمي!$D:$D,العالمي!$C:$C,$A16,العالمي!$G:$G,"<>",العالمي!$F:$F,"")) -> 0 | P16: =IF($A16="","",SUMIFS('باهي التركي'!$D:$D,'باهي التركي'!$C:$C,$A16,'باهي التركي'!$F:$F,"<>")-SUMIFS('باهي التركي'!$D:$D,'باهي التركي'!$C:$C,$A16,'باهي التركي'!$G:$G,"<>",'باهي التركي'!$F:$F,"")) -> 0 | Q16: =IF($A16="","",SUMIFS('توتي دماص'!$D:$D,'توتي دماص'!$C:$C,$A16,'توتي دماص'!$F:$F,"<>")-SUMIFS('توتي دماص'!$D:$D,'توتي دماص'!$C:$C,$A16,'توتي دماص'!$G:$G,"<>",'توتي دماص'!$F:$F,"")) -> 0 | R16: =IF($A16="","",SUMIFS('رضا محمد'!$D:$D,'رضا محمد'!$C:$C,$A16,'رضا محمد'!$F:$F,"<>")-SUMIFS('رضا محمد'!$D:$D,'رضا محمد'!$C:$C,$A16,'رضا محمد'!$G:$G,"<>",'رضا محمد'!$F:$F,"")) -> 0 | S16: =IF($A16="","",SUMIFS('زومبي العشري'!$D:$D,'زومبي العشري'!$C:$C,$A16,'زومبي العشري'!$F:$F,"<>")-SUMIFS('زومبي العشري'!$D:$D,'زومبي العشري'!$C:$C,$A16,'زومبي العشري'!$G:$G,"<>",'زومبي العشري'!$F:$F,"")) -> 0 | T16: =IF($A16="","",SUMIFS('محمد عرابي'!$D:$D,'محمد عرابي'!$C:$C,$A16,'محمد عرابي'!$F:$F,"<>")-SUMIFS('محمد عرابي'!$D:$D,'محمد عرابي'!$C:$C,$A16,'محمد عرابي'!$G:$G,"<>",'محمد عرابي'!$F:$F,"")) -> 0 | U16: =IF($A16="","",SUMIFS('عم جمال'!$D:$D,'عم جمال'!$C:$C,$A16,'عم جمال'!$F:$F,"<>")-SUMIFS('عم جمال'!$D:$D,'عم جمال'!$C:$C,$A16,'عم جمال'!$G:$G,"<>",'عم جمال'!$F:$F,"")) -> 0 | V16: =IF($A16="","",SUMIFS('فاير سيليكت'!$D:$D,'فاير سيليكت'!$C:$C,$A16,'فاير سيليكت'!$F:$F,"<>")-SUMIFS('فاير سيليكت'!$D:$D,'فاير سيليكت'!$C:$C,$A16,'فاير سيليكت'!$G:$G,"<>",'فاير سيليكت'!$F:$F,"")) -> 0 | W16: =IF($A16="","",SUMIFS(فرانكو!$D:$D,فرانكو!$C:$C,$A16,فرانكو!$F:$F,"<>")-SUMIFS(فرانكو!$D:$D,فرانكو!$C:$C,$A16,فرانكو!$G:$G,"<>",فرانكو!$F:$F,"")) -> 0 | X16: =IF($A16="","",SUMIFS('كريم بكر'!$D:$D,'كريم بكر'!$C:$C,$A16,'كريم بكر'!$F:$F,"<>")-SUMIFS('كريم بكر'!$D:$D,'كريم بكر'!$C:$C,$A16,'كريم بكر'!$G:$G,"<>",'كريم بكر'!$F:$F,"")) -> 0 | Y16: =IF($A16="","",SUMIFS(بفرا!$D:$D,بفرا!$C:$C,$A16,بفرا!$F:$F,"<>")-SUMIFS(بفرا!$D:$D,بفرا!$C:$C,$A16,بفرا!$G:$G,"<>",بفرا!$F:$F,"")) -> 0 | Z16: =IF($A16="","",SUMIFS('محل كوم النور'!$D:$D,'محل كوم النور'!$C:$C,$A16,'محل كوم النور'!$F:$F,"<>")-SUMIFS('محل كوم النور'!$D:$D,'محل كوم النور'!$C:$C,$A16,'محل كوم النور'!$G:$G,"<>",'محل كوم النور'!$F:$F,"")) -> 0 | AA16: =IF($A16="","",SUMIFS('محمد النجار'!$D:$D,'محمد النجار'!$C:$C,$A16,'محمد النجار'!$F:$F,"<>")-SUMIFS('محمد النجار'!$D:$D,'محمد النجار'!$C:$C,$A16,'محمد النجار'!$G:$G,"<>",'محمد النجار'!$F:$F,"")) -> 0 | AB16: =IF($A16="","",SUMIFS('محمود عبدالرسول'!$D:$D,'محمود عبدالرسول'!$C:$C,$A16,'محمود عبدالرسول'!$F:$F,"<>")-SUMIFS('محمود عبدالرسول'!$D:$D,'محمود عبدالرسول'!$C:$C,$A16,'محمود عبدالرسول'!$G:$G,"<>",'محمود عبدالرسول'!$F:$F,"")) -> 0 | AC16: =IF($A16="","",SUMIFS('مول المصطفي'!$D:$D,'مول المصطفي'!$C:$C,$A16,'مول المصطفي'!$F:$F,"<>")-SUMIFS('مول المصطفي'!$D:$D,'مول المصطفي'!$C:$C,$A16,'مول المصطفي'!$G:$G,"<>",'مول المصطفي'!$F:$F,"")) -> 0 | AD16: =IF($A16="","",SUMIFS(مصانع!$D:$D,مصانع!$C:$C,$A16,مصانع!$F:$F,"<>")-SUMIFS(مصانع!$D:$D,مصانع!$C:$C,$A16,مصانع!$G:$G,"<>",مصانع!$F:$F,"")) -> 0 | AE16: =IF($A16="","",SUM(B16:AD16)) -> 4 | AF16: شروال اولد ماني | AG16: 20 | AH16: =IF(OR($A16="",AG16=""),"",AG16-AE16) -> 16 | AI16: 385 | AJ16: =IF(OR($A16="",AH16=""),"",AH16*AI16) -> 6160
A17: B110 | B17: =IF($A17="","",SUMIFS('4K حموده'!$D:$D,'4K حموده'!$C:$C,$A17,'4K حموده'!$F:$F,"<>")-SUMIFS('4K حموده'!$D:$D,'4K حموده'!$C:$C,$A17,'4K حموده'!$G:$G,"<>",'4K حموده'!$F:$F,"")) -> 8 | C17: =IF($A17="","",SUMIFS('مكتب القاضي'!$D:$D,'مكتب القاضي'!$C:$C,$A17,'مكتب القاضي'!$F:$F,"<>")-SUMIFS('مكتب القاضي'!$D:$D,'مكتب القاضي'!$C:$C,$A17,'مكتب القاضي'!$G:$G,"<>",'مكتب القاضي'!$F:$F,"")) -> 0 | D17: =IF($A17="","",SUMIFS(الاتشو!$D:$D,الاتشو!$C:$C,$A17,الاتشو!$F:$F,"<>")-SUMIFS(الاتشو!$D:$D,الاتشو!$C:$C,$A17,الاتشو!$G:$G,"<>",الاتشو!$F:$F,"")) -> 0 | E17: =IF($A17="","",SUMIFS('علاء بوم ارض النت'!$D:$D,'علاء بوم ارض النت'!$C:$C,$A17,'علاء بوم ارض النت'!$F:$F,"<>")-SUMIFS('علاء بوم ارض النت'!$D:$D,'علاء بوم ارض النت'!$C:$C,$A17,'علاء بوم ارض النت'!$G:$G,"<>",'علاء بوم ارض النت'!$F:$F,"")) -> 28 | F17: =IF($A17="","",SUMIFS('كيمو ميت ابو خالد'!$D:$D,'كيمو ميت ابو خالد'!$C:$C,$A17,'كيمو ميت ابو خالد'!$F:$F,"<>")-SUMIFS('كيمو ميت ابو خالد'!$D:$D,'كيمو ميت ابو خالد'!$C:$C,$A17,'كيمو ميت ابو خالد'!$G:$G,"<>",'كيمو ميت ابو خالد'!$F:$F,"")) -> 0 | G17: =IF($A17="","",SUMIFS(KAZO!$D:$D,KAZO!$C:$C,$A17,KAZO!$F:$F,"<>")-SUMIFS(KAZO!$D:$D,KAZO!$C:$C,$A17,KAZO!$G:$G,"<>",KAZO!$F:$F,"")) -> 0 | H17: =IF($A17="","",SUMIFS(LAFY!$D:$D,LAFY!$C:$C,$A17,LAFY!$F:$F,"<>")-SUMIFS(LAFY!$D:$D,LAFY!$C:$C,$A17,LAFY!$G:$G,"<>",LAFY!$F:$F,"")) -> 0 | I17: =IF($A17="","",SUMIFS('POINT زفتي (جديد)'!$D:$D,'POINT زفتي (جديد)'!$C:$C,$A17,'POINT زفتي (جديد)'!$F:$F,"<>")-SUMIFS('POINT زفتي (جديد)'!$D:$D,'POINT زفتي (جديد)'!$C:$C,$A17,'POINT زفتي (جديد)'!$G:$G,"<>",'POINT زفتي (جديد)'!$F:$F,"")) -> 3 | J17: =IF($A17="","",SUMIFS('POINT سعد زغلول (قديم)'!$D:$D,'POINT سعد زغلول (قديم)'!$C:$C,$A17,'POINT سعد زغلول (قديم)'!$F:$F,"<>")-SUMIFS('POINT سعد زغلول (قديم)'!$D:$D,'POINT سعد زغلول (قديم)'!$C:$C,$A17,'POINT سعد زغلول (قديم)'!$G:$G,"<>",'POINT سعد زغلول (قديم)'!$F:$F,"")) -> 0 | K17: =IF($A17="","",SUMIFS('POWER ارض النت'!$D:$D,'POWER ارض النت'!$C:$C,$A17,'POWER ارض النت'!$F:$F,"<>")-SUMIFS('POWER ارض النت'!$D:$D,'POWER ارض النت'!$C:$C,$A17,'POWER ارض النت'!$G:$G,"<>",'POWER ارض النت'!$F:$F,"")) -> 0 | L17: =IF($A17="","",SUMIFS('POWER زفتي'!$D:$D,'POWER زفتي'!$C:$C,$A17,'POWER زفتي'!$F:$F,"<>")-SUMIFS('POWER زفتي'!$D:$D,'POWER زفتي'!$C:$C,$A17,'POWER زفتي'!$G:$G,"<>",'POWER زفتي'!$F:$F,"")) -> 0 | M17: =IF($A17="","",SUMIFS('احمد المنوفي'!$D:$D,'احمد المنوفي'!$C:$C,$A17,'احمد المنوفي'!$F:$F,"<>")-SUMIFS('احمد المنوفي'!$D:$D,'احمد المنوفي'!$C:$C,$A17,'احمد المنوفي'!$G:$G,"<>",'احمد المنوفي'!$F:$F,"")) -> 0 | N17: =IF($A17="","",SUMIFS(السفير!$D:$D,السفير!$C:$C,$A17,السفير!$F:$F,"<>")-SUMIFS(السفير!$D:$D,السفير!$C:$C,$A17,السفير!$G:$G,"<>",السفير!$F:$F,"")) -> 0 | O17: =IF($A17="","",SUMIFS(العالمي!$D:$D,العالمي!$C:$C,$A17,العالمي!$F:$F,"<>")-SUMIFS(العالمي!$D:$D,العالمي!$C:$C,$A17,العالمي!$G:$G,"<>",العالمي!$F:$F,"")) -> 0 | P17: =IF($A17="","",SUMIFS('باهي التركي'!$D:$D,'باهي التركي'!$C:$C,$A17,'باهي التركي'!$F:$F,"<>")-SUMIFS('باهي التركي'!$D:$D,'باهي التركي'!$C:$C,$A17,'باهي التركي'!$G:$G,"<>",'باهي التركي'!$F:$F,"")) -> 0 | Q17: =IF($A17="","",SUMIFS('توتي دماص'!$D:$D,'توتي دماص'!$C:$C,$A17,'توتي دماص'!$F:$F,"<>")-SUMIFS('توتي دماص'!$D:$D,'توتي دماص'!$C:$C,$A17,'توتي دماص'!$G:$G,"<>",'توتي دماص'!$F:$F,"")) -> 8 | R17: =IF($A17="","",SUMIFS('رضا محمد'!$D:$D,'رضا محمد'!$C:$C,$A17,'رضا محمد'!$F:$F,"<>")-SUMIFS('رضا محمد'!$D:$D,'رضا محمد'!$C:$C,$A17,'رضا محمد'!$G:$G,"<>",'رضا محمد'!$F:$F,"")) -> 0 | S17: =IF($A17="","",SUMIFS('زومبي العشري'!$D:$D,'زومبي العشري'!$C:$C,$A17,'زومبي العشري'!$F:$F,"<>")-SUMIFS('زومبي العشري'!$D:$D,'زومبي العشري'!$C:$C,$A17,'زومبي العشري'!$G:$G,"<>",'زومبي العشري'!$F:$F,"")) -> 0 | T17: =IF($A17="","",SUMIFS('محمد عرابي'!$D:$D,'محمد عرابي'!$C:$C,$A17,'محمد عرابي'!$F:$F,"<>")-SUMIFS('محمد عرابي'!$D:$D,'محمد عرابي'!$C:$C,$A17,'محمد عرابي'!$G:$G,"<>",'محمد عرابي'!$F:$F,"")) -> 0 | U17: =IF($A17="","",SUMIFS('عم جمال'!$D:$D,'عم جمال'!$C:$C,$A17,'عم جمال'!$F:$F,"<>")-SUMIFS('عم جمال'!$D:$D,'عم جمال'!$C:$C,$A17,'عم جمال'!$G:$G,"<>",'عم جمال'!$F:$F,"")) -> 0 | V17: =IF($A17="","",SUMIFS('فاير سيليكت'!$D:$D,'فاير سيليكت'!$C:$C,$A17,'فاير سيليكت'!$F:$F,"<>")-SUMIFS('فاير سيليكت'!$D:$D,'فاير سيليكت'!$C:$C,$A17,'فاير سيليكت'!$G:$G,"<>",'فاير سيليكت'!$F:$F,"")) -> 0 | W17: =IF($A17="","",SUMIFS(فرانكو!$D:$D,فرانكو!$C:$C,$A17,فرانكو!$F:$F,"<>")-SUMIFS(فرانكو!$D:$D,فرانكو!$C:$C,$A17,فرانكو!$G:$G,"<>",فرانكو!$F:$F,"")) -> 4 | X17: =IF($A17="","",SUMIFS('كريم بكر'!$D:$D,'كريم بكر'!$C:$C,$A17,'كريم بكر'!$F:$F,"<>")-SUMIFS('كريم بكر'!$D:$D,'كريم بكر'!$C:$C,$A17,'كريم بكر'!$G:$G,"<>",'كريم بكر'!$F:$F,"")) -> 0 | Y17: =IF($A17="","",SUMIFS(بفرا!$D:$D,بفرا!$C:$C,$A17,بفرا!$F:$F,"<>")-SUMIFS(بفرا!$D:$D,بفرا!$C:$C,$A17,بفرا!$G:$G,"<>",بفرا!$F:$F,"")) -> 0 | Z17: =IF($A17="","",SUMIFS('محل كوم النور'!$D:$D,'محل كوم النور'!$C:$C,$A17,'محل كوم النور'!$F:$F,"<>")-SUMIFS('محل كوم النور'!$D:$D,'محل كوم النور'!$C:$C,$A17,'محل كوم النور'!$G:$G,"<>",'محل كوم النور'!$F:$F,"")) -> 0 | AA17: =IF($A17="","",SUMIFS('محمد النجار'!$D:$D,'محمد النجار'!$C:$C,$A17,'محمد النجار'!$F:$F,"<>")-SUMIFS('محمد النجار'!$D:$D,'محمد النجار'!$C:$C,$A17,'محمد النجار'!$G:$G,"<>",'محمد النجار'!$F:$F,"")) -> 8 | AB17: =IF($A17="","",SUMIFS('محمود عبدالرسول'!$D:$D,'محمود عبدالرسول'!$C:$C,$A17,'محمود عبدالرسول'!$F:$F,"<>")-SUMIFS('محمود عبدالرسول'!$D:$D,'محمود عبدالرسول'!$C:$C,$A17,'محمود عبدالرسول'!$G:$G,"<>",'محمود عبدالرسول'!$F:$F,"")) -> 0 | AC17: =IF($A17="","",SUMIFS('مول المصطفي'!$D:$D,'مول المصطفي'!$C:$C,$A17,'مول المصطفي'!$F:$F,"<>")-SUMIFS('مول المصطفي'!$D:$D,'مول المصطفي'!$C:$C,$A17,'مول المصطفي'!$G:$G,"<>",'مول المصطفي'!$F:$F,"")) -> 0 | AD17: =IF($A17="","",SUMIFS(مصانع!$D:$D,مصانع!$C:$C,$A17,مصانع!$F:$F,"<>")-SUMIFS(مصانع!$D:$D,مصانع!$C:$C,$A17,مصانع!$G:$G,"<>",مصانع!$F:$F,"")) -> 0 | AE17: =IF($A17="","",SUM(B17:AD17)) -> 59 | AF17: شروال اولد ماني | AG17: 76 | AH17: =IF(OR($A17="",AG17=""),"",AG17-AE17) -> 17 | AJ17: =IF(OR($A17="",AH17=""),"",AH17*AI17) -> 0
A18: B111 | B18: =IF($A18="","",SUMIFS('4K حموده'!$D:$D,'4K حموده'!$C:$C,$A18,'4K حموده'!$F:$F,"<>")-SUMIFS('4K حموده'!$D:$D,'4K حموده'!$C:$C,$A18,'4K حموده'!$G:$G,"<>",'4K حموده'!$F:$F,"")) -> 0 | C18: =IF($A18="","",SUMIFS('مكتب القاضي'!$D:$D,'مكتب القاضي'!$C:$C,$A18,'مكتب القاضي'!$F:$F,"<>")-SUMIFS('مكتب القاضي'!$D:$D,'مكتب القاضي'!$C:$C,$A18,'مكتب القاضي'!$G:$G,"<>",'مكتب القاضي'!$F:$F,"")) -> 0 | D18: =IF($A18="","",SUMIFS(الاتشو!$D:$D,الاتشو!$C:$C,$A18,الاتشو!$F:$F,"<>")-SUMIFS(الاتشو!$D:$D,الاتشو!$C:$C,$A18,الاتشو!$G:$G,"<>",الاتشو!$F:$F,"")) -> 0 | E18: =IF($A18="","",SUMIFS('علاء بوم ارض النت'!$D:$D,'علاء بوم ارض النت'!$C:$C,$A18,'علاء بوم ارض النت'!$F:$F,"<>")-SUMIFS('علاء بوم ارض النت'!$D:$D,'علاء بوم ارض النت'!$C:$C,$A18,'علاء بوم ارض النت'!$G:$G,"<>",'علاء بوم ارض النت'!$F:$F,"")) -> 16 | F18: =IF($A18="","",SUMIFS('كيمو ميت ابو خالد'!$D:$D,'كيمو ميت ابو خالد'!$C:$C,$A18,'كيمو ميت ابو خالد'!$F:$F,"<>")-SUMIFS('كيمو ميت ابو خالد'!$D:$D,'كيمو ميت ابو خالد'!$C:$C,$A18,'كيمو ميت ابو خالد'!$G:$G,"<>",'كيمو ميت ابو خالد'!$F:$F,"")) -> 0 | G18: =IF($A18="","",SUMIFS(KAZO!$D:$D,KAZO!$C:$C,$A18,KAZO!$F:$F,"<>")-SUMIFS(KAZO!$D:$D,KAZO!$C:$C,$A18,KAZO!$G:$G,"<>",KAZO!$F:$F,"")) -> 0 | H18: =IF($A18="","",SUMIFS(LAFY!$D:$D,LAFY!$C:$C,$A18,LAFY!$F:$F,"<>")-SUMIFS(LAFY!$D:$D,LAFY!$C:$C,$A18,LAFY!$G:$G,"<>",LAFY!$F:$F,"")) -> 24 | I18: =IF($A18="","",SUMIFS('POINT زفتي (جديد)'!$D:$D,'POINT زفتي (جديد)'!$C:$C,$A18,'POINT زفتي (جديد)'!$F:$F,"<>")-SUMIFS('POINT زفتي (جديد)'!$D:$D,'POINT زفتي (جديد)'!$C:$C,$A18,'POINT زفتي (جديد)'!$G:$G,"<>",'POINT زفتي (جديد)'!$F:$F,"")) -> 8 | J18: =IF($A18="","",SUMIFS('POINT سعد زغلول (قديم)'!$D:$D,'POINT سعد زغلول (قديم)'!$C:$C,$A18,'POINT سعد زغلول (قديم)'!$F:$F,"<>")-SUMIFS('POINT سعد زغلول (قديم)'!$D:$D,'POINT سعد زغلول (قديم)'!$C:$C,$A18,'POINT سعد زغلول (قديم)'!$G:$G,"<>",'POINT سعد زغلول (قديم)'!$F:$F,"")) -> 0 | K18: =IF($A18="","",SUMIFS('POWER ارض النت'!$D:$D,'POWER ارض النت'!$C:$C,$A18,'POWER ارض النت'!$F:$F,"<>")-SUMIFS('POWER ارض النت'!$D:$D,'POWER ارض النت'!$C:$C,$A18,'POWER ارض النت'!$G:$G,"<>",'POWER ارض النت'!$F:$F,"")) -> 0 | L18: =IF($A18="","",SUMIFS('POWER زفتي'!$D:$D,'POWER زفتي'!$C:$C,$A18,'POWER زفتي'!$F:$F,"<>")-SUMIFS('POWER زفتي'!$D:$D,'POWER زفتي'!$C:$C,$A18,'POWER زفتي'!$G:$G,"<>",'POWER زفتي'!$F:$F,"")) -> 0 | M18: =IF($A18="","",SUMIFS('احمد المنوفي'!$D:$D,'احمد المنوفي'!$C:$C,$A18,'احمد المنوفي'!$F:$F,"<>")-SUMIFS('احمد المنوفي'!$D:$D,'احمد المنوفي'!$C:$C,$A18,'احمد المنوفي'!$G:$G,"<>",'احمد المنوفي'!$F:$F,"")) -> 8 | N18: =IF($A18="","",SUMIFS(السفير!$D:$D,السفير!$C:$C,$A18,السفير!$F:$F,"<>")-SUMIFS(السفير!$D:$D,السفير!$C:$C,$A18,السفير!$G:$G,"<>",السفير!$F:$F,"")) -> 0 | O18: =IF($A18="","",SUMIFS(العالمي!$D:$D,العالمي!$C:$C,$A18,العالمي!$F:$F,"<>")-SUMIFS(العالمي!$D:$D,العالمي!$C:$C,$A18,العالمي!$G:$G,"<>",العالمي!$F:$F,"")) -> 0 | P18: =IF($A18="","",SUMIFS('باهي التركي'!$D:$D,'باهي التركي'!$C:$C,$A18,'باهي التركي'!$F:$F,"<>")-SUMIFS('باهي التركي'!$D:$D,'باهي التركي'!$C:$C,$A18,'باهي التركي'!$G:$G,"<>",'باهي التركي'!$F:$F,"")) -> 0 | Q18: =IF($A18="","",SUMIFS('توتي دماص'!$D:$D,'توتي دماص'!$C:$C,$A18,'توتي دماص'!$F:$F,"<>")-SUMIFS('توتي دماص'!$D:$D,'توتي دماص'!$C:$C,$A18,'توتي دماص'!$G:$G,"<>",'توتي دماص'!$F:$F,"")) -> 0 | R18: =IF($A18="","",SUMIFS('رضا محمد'!$D:$D,'رضا محمد'!$C:$C,$A18,'رضا محمد'!$F:$F,"<>")-SUMIFS('رضا محمد'!$D:$D,'رضا محمد'!$C:$C,$A18,'رضا محمد'!$G:$G,"<>",'رضا محمد'!$F:$F,"")) -> 0 | S18: =IF($A18="","",SUMIFS('زومبي العشري'!$D:$D,'زومبي العشري'!$C:$C,$A18,'زومبي العشري'!$F:$F,"<>")-SUMIFS('زومبي العشري'!$D:$D,'زومبي العشري'!$C:$C,$A18,'زومبي العشري'!$G:$G,"<>",'زومبي العشري'!$F:$F,"")) -> 0 | T18: =IF($A18="","",SUMIFS('محمد عرابي'!$D:$D,'محمد عرابي'!$C:$C,$A18,'محمد عرابي'!$F:$F,"<>")-SUMIFS('محمد عرابي'!$D:$D,'محمد عرابي'!$C:$C,$A18,'محمد عرابي'!$G:$G,"<>",'محمد عرابي'!$F:$F,"")) -> 8 | U18: =IF($A18="","",SUMIFS('عم جمال'!$D:$D,'عم جمال'!$C:$C,$A18,'عم جمال'!$F:$F,"<>")-SUMIFS('عم جمال'!$D:$D,'عم جمال'!$C:$C,$A18,'عم جمال'!$G:$G,"<>",'عم جمال'!$F:$F,"")) -> 0 | V18: =IF($A18="","",SUMIFS('فاير سيليكت'!$D:$D,'فاير سيليكت'!$C:$C,$A18,'فاير سيليكت'!$F:$F,"<>")-SUMIFS('فاير سيليكت'!$D:$D,'فاير سيليكت'!$C:$C,$A18,'فاير سيليكت'!$G:$G,"<>",'فاير سيليكت'!$F:$F,"")) -> 0 | W18: =IF($A18="","",SUMIFS(فرانكو!$D:$D,فرانكو!$C:$C,$A18,فرانكو!$F:$F,"<>")-SUMIFS(فرانكو!$D:$D,فرانكو!$C:$C,$A18,فرانكو!$G:$G,"<>",فرانكو!$F:$F,"")) -> 0 | X18: =IF($A18="","",SUMIFS('كريم بكر'!$D:$D,'كريم بكر'!$C:$C,$A18,'كريم بكر'!$F:$F,"<>")-SUMIFS('كريم بكر'!$D:$D,'كريم بكر'!$C:$C,$A18,'كريم بكر'!$G:$G,"<>",'كريم بكر'!$F:$F,"")) -> 0 | Y18: =IF($A18="","",SUMIFS(بفرا!$D:$D,بفرا!$C:$C,$A18,بفرا!$F:$F,"<>")-SUMIFS(بفرا!$D:$D,بفرا!$C:$C,$A18,بفرا!$G:$G,"<>",بفرا!$F:$F,"")) -> 0 | Z18: =IF($A18="","",SUMIFS('محل كوم النور'!$D:$D,'محل كوم النور'!$C:$C,$A18,'محل كوم النور'!$F:$F,"<>")-SUMIFS('محل كوم النور'!$D:$D,'محل كوم النور'!$C:$C,$A18,'محل كوم النور'!$G:$G,"<>",'محل كوم النور'!$F:$F,"")) -> 0 | AA18: =IF($A18="","",SUMIFS('محمد النجار'!$D:$D,'محمد النجار'!$C:$C,$A18,'محمد النجار'!$F:$F,"<>")-SUMIFS('محمد النجار'!$D:$D,'محمد النجار'!$C:$C,$A18,'محمد النجار'!$G:$G,"<>",'محمد النجار'!$F:$F,"")) -> 0 | AB18: =IF($A18="","",SUMIFS('محمود عبدالرسول'!$D:$D,'محمود عبدالرسول'!$C:$C,$A18,'محمود عبدالرسول'!$F:$F,"<>")-SUMIFS('محمود عبدالرسول'!$D:$D,'محمود عبدالرسول'!$C:$C,$A18,'محمود عبدالرسول'!$G:$G,"<>",'محمود عبدالرسول'!$F:$F,"")) -> 0 | AC18: =IF($A18="","",SUMIFS('مول المصطفي'!$D:$D,'مول المصطفي'!$C:$C,$A18,'مول المصطفي'!$F:$F,"<>")-SUMIFS('مول المصطفي'!$D:$D,'مول المصطفي'!$C:$C,$A18,'مول المصطفي'!$G:$G,"<>",'مول المصطفي'!$F:$F,"")) -> 0 | AD18: =IF($A18="","",SUMIFS(مصانع!$D:$D,مصانع!$C:$C,$A18,مصانع!$F:$F,"<>")-SUMIFS(مصانع!$D:$D,مصانع!$C:$C,$A18,مصانع!$G:$G,"<>",مصانع!$F:$F,"")) -> 0 | AE18: =IF($A18="","",SUM(B18:AD18)) -> 64 | AF18: شروال بولو ريب قصات | AG18: 72 | AJ18: =IF(OR($A18="",AH18=""),"",AH18*AI18)
A19: B112 | B19: =IF($A19="","",SUMIFS('4K حموده'!$D:$D,'4K حموده'!$C:$C,$A19,'4K حموده'!$F:$F,"<>")-SUMIFS('4K حموده'!$D:$D,'4K حموده'!$C:$C,$A19,'4K حموده'!$G:$G,"<>",'4K حموده'!$F:$F,"")) -> 0 | C19: =IF($A19="","",SUMIFS('مكتب القاضي'!$D:$D,'مكتب القاضي'!$C:$C,$A19,'مكتب القاضي'!$F:$F,"<>")-SUMIFS('مكتب القاضي'!$D:$D,'مكتب القاضي'!$C:$C,$A19,'مكتب القاضي'!$G:$G,"<>",'مكتب القاضي'!$F:$F,"")) -> 0 | D19: =IF($A19="","",SUMIFS(الاتشو!$D:$D,الاتشو!$C:$C,$A19,الاتشو!$F:$F,"<>")-SUMIFS(الاتشو!$D:$D,الاتشو!$C:$C,$A19,الاتشو!$G:$G,"<>",الاتشو!$F:$F,"")) -> 0 | E19: =IF($A19="","",SUMIFS('علاء بوم ارض النت'!$D:$D,'علاء بوم ارض النت'!$C:$C,$A19,'علاء بوم ارض النت'!$F:$F,"<>")-SUMIFS('علاء بوم ارض النت'!$D:$D,'علاء بوم ارض النت'!$C:$C,$A19,'علاء بوم ارض النت'!$G:$G,"<>",'علاء بوم ارض النت'!$F:$F,"")) -> 12 | F19: =IF($A19="","",SUMIFS('كيمو ميت ابو خالد'!$D:$D,'كيمو ميت ابو خالد'!$C:$C,$A19,'كيمو ميت ابو خالد'!$F:$F,"<>")-SUMIFS('كيمو ميت ابو خالد'!$D:$D,'كيمو ميت ابو خالد'!$C:$C,$A19,'كيمو ميت ابو خالد'!$G:$G,"<>",'كيمو ميت ابو خالد'!$F:$F,"")) -> 0 | G19: =IF($A19="","",SUMIFS(KAZO!$D:$D,KAZO!$C:$C,$A19,KAZO!$F:$F,"<>")-SUMIFS(KAZO!$D:$D,KAZO!$C:$C,$A19,KAZO!$G:$G,"<>",KAZO!$F:$F,"")) -> 0 | H19: =IF($A19="","",SUMIFS(LAFY!$D:$D,LAFY!$C:$C,$A19,LAFY!$F:$F,"<>")-SUMIFS(LAFY!$D:$D,LAFY!$C:$C,$A19,LAFY!$G:$G,"<>",LAFY!$F:$F,"")) -> 0 | I19: =IF($A19="","",SUMIFS('POINT زفتي (جديد)'!$D:$D,'POINT زفتي (جديد)'!$C:$C,$A19,'POINT زفتي (جديد)'!$F:$F,"<>")-SUMIFS('POINT زفتي (جديد)'!$D:$D,'POINT زفتي (جديد)'!$C:$C,$A19,'POINT زفتي (جديد)'!$G:$G,"<>",'POINT زفتي (جديد)'!$F:$F,"")) -> 0 | J19: =IF($A19="","",SUMIFS('POINT سعد زغلول (قديم)'!$D:$D,'POINT سعد زغلول (قديم)'!$C:$C,$A19,'POINT سعد زغلول (قديم)'!$F:$F,"<>")-SUMIFS('POINT سعد زغلول (قديم)'!$D:$D,'POINT سعد زغلول (قديم)'!$C:$C,$A19,'POINT سعد زغلول (قديم)'!$G:$G,"<>",'POINT سعد زغلول (قديم)'!$F:$F,"")) -> 0 | K19: =IF($A19="","",SUMIFS('POWER ارض النت'!$D:$D,'POWER ارض النت'!$C:$C,$A19,'POWER ارض النت'!$F:$F,"<>")-SUMIFS('POWER ارض النت'!$D:$D,'POWER ارض النت'!$C:$C,$A19,'POWER ارض النت'!$G:$G,"<>",'POWER ارض النت'!$F:$F,"")) -> 0 | L19: =IF($A19="","",SUMIFS('POWER زفتي'!$D:$D,'POWER زفتي'!$C:$C,$A19,'POWER زفتي'!$F:$F,"<>")-SUMIFS('POWER زفتي'!$D:$D,'POWER زفتي'!$C:$C,$A19,'POWER زفتي'!$G:$G,"<>",'POWER زفتي'!$F:$F,"")) -> 0 | M19: =IF($A19="","",SUMIFS('احمد المنوفي'!$D:$D,'احمد المنوفي'!$C:$C,$A19,'احمد المنوفي'!$F:$F,"<>")-SUMIFS('احمد المنوفي'!$D:$D,'احمد المنوفي'!$C:$C,$A19,'احمد المنوفي'!$G:$G,"<>",'احمد المنوفي'!$F:$F,"")) -> 12 | N19: =IF($A19="","",SUMIFS(السفير!$D:$D,السفير!$C:$C,$A19,السفير!$F:$F,"<>")-SUMIFS(السفير!$D:$D,السفير!$C:$C,$A19,السفير!$G:$G,"<>",السفير!$F:$F,"")) -> 0 | O19: =IF($A19="","",SUMIFS(العالمي!$D:$D,العالمي!$C:$C,$A19,العالمي!$F:$F,"<>")-SUMIFS(العالمي!$D:$D,العالمي!$C:$C,$A19,العالمي!$G:$G,"<>",العالمي!$F:$F,"")) -> 0 | P19: =IF($A19="","",SUMIFS('باهي التركي'!$D:$D,'باهي التركي'!$C:$C,$A19,'باهي التركي'!$F:$F,"<>")-SUMIFS('باهي التركي'!$D:$D,'باهي التركي'!$C:$C,$A19,'باهي التركي'!$G:$G,"<>",'باهي التركي'!$F:$F,"")) -> 0 | Q19: =IF($A19="","",SUMIFS('توتي دماص'!$D:$D,'توتي دماص'!$C:$C,$A19,'توتي دماص'!$F:$F,"<>")-SUMIFS('توتي دماص'!$D:$D,'توتي دماص'!$C:$C,$A19,'توتي دماص'!$G:$G,"<>",'توتي دماص'!$F:$F,"")) -> 0 | R19: =IF($A19="","",SUMIFS('رضا محمد'!$D:$D,'رضا محمد'!$C:$C,$A19,'رضا محمد'!$F:$F,"<>")-SUMIFS('رضا محمد'!$D:$D,'رضا محمد'!$C:$C,$A19,'رضا محمد'!$G:$G,"<>",'رضا محمد'!$F:$F,"")) -> 0 | S19: =IF($A19="","",SUMIFS('زومبي العشري'!$D:$D,'زومبي العشري'!$C:$C,$A19,'زومبي العشري'!$F:$F,"<>")-SUMIFS('زومبي العشري'!$D:$D,'زومبي العشري'!$C:$C,$A19,'زومبي العشري'!$G:$G,"<>",'زومبي العشري'!$F:$F,"")) -> 0 | T19: =IF($A19="","",SUMIFS('محمد عرابي'!$D:$D,'محمد عرابي'!$C:$C,$A19,'محمد عرابي'!$F:$F,"<>")-SUMIFS('محمد عرابي'!$D:$D,'محمد عرابي'!$C:$C,$A19,'محمد عرابي'!$G:$G,"<>",'محمد عرابي'!$F:$F,"")) -> 0 | U19: =IF($A19="","",SUMIFS('عم جمال'!$D:$D,'عم جمال'!$C:$C,$A19,'عم جمال'!$F:$F,"<>")-SUMIFS('عم جمال'!$D:$D,'عم جمال'!$C:$C,$A19,'عم جمال'!$G:$G,"<>",'عم جمال'!$F:$F,"")) -> 0 | V19: =IF($A19="","",SUMIFS('فاير سيليكت'!$D:$D,'فاير سيليكت'!$C:$C,$A19,'فاير سيليكت'!$F:$F,"<>")-SUMIFS('فاير سيليكت'!$D:$D,'فاير سيليكت'!$C:$C,$A19,'فاير سيليكت'!$G:$G,"<>",'فاير سيليكت'!$F:$F,"")) -> 4 | W19: =IF($A19="","",SUMIFS(فرانكو!$D:$D,فرانكو!$C:$C,$A19,فرانكو!$F:$F,"<>")-SUMIFS(فرانكو!$D:$D,فرانكو!$C:$C,$A19,فرانكو!$G:$G,"<>",فرانكو!$F:$F,"")) -> 0 | X19: =IF($A19="","",SUMIFS('كريم بكر'!$D:$D,'كريم بكر'!$C:$C,$A19,'كريم بكر'!$F:$F,"<>")-SUMIFS('كريم بكر'!$D:$D,'كريم بكر'!$C:$C,$A19,'كريم بكر'!$G:$G,"<>",'كريم بكر'!$F:$F,"")) -> 0 | Y19: =IF($A19="","",SUMIFS(بفرا!$D:$D,بفرا!$C:$C,$A19,بفرا!$F:$F,"<>")-SUMIFS(بفرا!$D:$D,بفرا!$C:$C,$A19,بفرا!$G:$G,"<>",بفرا!$F:$F,"")) -> 0 | Z19: =IF($A19="","",SUMIFS('محل كوم النور'!$D:$D,'محل كوم النور'!$C:$C,$A19,'محل كوم النور'!$F:$F,"<>")-SUMIFS('محل كوم النور'!$D:$D,'محل كوم النور'!$C:$C,$A19,'محل كوم النور'!$G:$G,"<>",'محل كوم النور'!$F:$F,"")) -> 0 | AA19: =IF($A19="","",SUMIFS('محمد النجار'!$D:$D,'محمد النجار'!$C:$C,$A19,'محمد النجار'!$F:$F,"<>")-SUMIFS('محمد النجار'!$D:$D,'محمد النجار'!$C:$C,$A19,'محمد النجار'!$G:$G,"<>",'محمد النجار'!$F:$F,"")) -> 0 | AB19: =IF($A19="","",SUMIFS('محمود عبدالرسول'!$D:$D,'محمود عبدالرسول'!$C:$C,$A19,'محمود عبدالرسول'!$F:$F,"<>")-SUMIFS('محمود عبدالرسول'!$D:$D,'محمود عبدالرسول'!$C:$C,$A19,'محمود عبدالرسول'!$G:$G,"<>",'محمود عبدالرسول'!$F:$F,"")) -> 0 | AC19: =IF($A19="","",SUMIFS('مول المصطفي'!$D:$D,'مول المصطفي'!$C:$C,$A19,'مول المصطفي'!$F:$F,"<>")-SUMIFS('مول المصطفي'!$D:$D,'مول المصطفي'!$C:$C,$A19,'مول المصطفي'!$G:$G,"<>",'مول المصطفي'!$F:$F,"")) -> 0 | AD19: =IF($A19="","",SUMIFS(مصانع!$D:$D,مصانع!$C:$C,$A19,مصانع!$F:$F,"<>")-SUMIFS(مصانع!$D:$D,مصانع!$C:$C,$A19,مصانع!$G:$G,"<>",مصانع!$F:$F,"")) -> 0 | AE19: =IF($A19="","",SUM(B19:AD19)) -> 28 | AF19: شروال شريط بالنسياجا | AG19: 100 | AH19: =IF(OR($A19="",AG19=""),"",AG19-AE19) -> 72 | AJ19: =IF(OR($A19="",AH19=""),"",AH19*AI19) -> 0
A20: B113 | B20: =IF($A20="","",SUMIFS('4K حموده'!$D:$D,'4K حموده'!$C:$C,$A20,'4K حموده'!$F:$F,"<>")-SUMIFS('4K حموده'!$D:$D,'4K حموده'!$C:$C,$A20,'4K حموده'!$G:$G,"<>",'4K حموده'!$F:$F,"")) -> 0 | C20: =IF($A20="","",SUMIFS('مكتب القاضي'!$D:$D,'مكتب القاضي'!$C:$C,$A20,'مكتب القاضي'!$F:$F,"<>")-SUMIFS('مكتب القاضي'!$D:$D,'مكتب القاضي'!$C:$C,$A20,'مكتب القاضي'!$G:$G,"<>",'مكتب القاضي'!$F:$F,"")) -> 0 | D20: =IF($A20="","",SUMIFS(الاتشو!$D:$D,الاتشو!$C:$C,$A20,الاتشو!$F:$F,"<>")-SUMIFS(الاتشو!$D:$D,الاتشو!$C:$C,$A20,الاتشو!$G:$G,"<>",الاتشو!$F:$F,"")) -> 0 | E20: =IF($A20="","",SUMIFS('علاء بوم ارض النت'!$D:$D,'علاء بوم ارض النت'!$C:$C,$A20,'علاء بوم ارض النت'!$F:$F,"<>")-SUMIFS('علاء بوم ارض النت'!$D:$D,'علاء بوم ارض النت'!$C:$C,$A20,'علاء بوم ارض النت'!$G:$G,"<>",'علاء بوم ارض النت'!$F:$F,"")) -> 0 | F20: =IF($A20="","",SUMIFS('كيمو ميت ابو خالد'!$D:$D,'كيمو ميت ابو خالد'!$C:$C,$A20,'كيمو ميت ابو خالد'!$F:$F,"<>")-SUMIFS('كيمو ميت ابو خالد'!$D:$D,'كيمو ميت ابو خالد'!$C:$C,$A20,'كيمو ميت ابو خالد'!$G:$G,"<>",'كيمو ميت ابو خالد'!$F:$F,"")) -> 0 | G20: =IF($A20="","",SUMIFS(KAZO!$D:$D,KAZO!$C:$C,$A20,KAZO!$F:$F,"<>")-SUMIFS(KAZO!$D:$D,KAZO!$C:$C,$A20,KAZO!$G:$G,"<>",KAZO!$F:$F,"")) -> 0 | H20: =IF($A20="","",SUMIFS(LAFY!$D:$D,LAFY!$C:$C,$A20,LAFY!$F:$F,"<>")-SUMIFS(LAFY!$D:$D,LAFY!$C:$C,$A20,LAFY!$G:$G,"<>",LAFY!$F:$F,"")) -> 0 | I20: =IF($A20="","",SUMIFS('POINT زفتي (جديد)'!$D:$D,'POINT زفتي (جديد)'!$C:$C,$A20,'POINT زفتي (جديد)'!$F:$F,"<>")-SUMIFS('POINT زفتي (جديد)'!$D:$D,'POINT زفتي (جديد)'!$C:$C,$A20,'POINT زفتي (جديد)'!$G:$G,"<>",'POINT زفتي (جديد)'!$F:$F,"")) -> 0 | J20: =IF($A20="","",SUMIFS('POINT سعد زغلول (قديم)'!$D:$D,'POINT سعد زغلول (قديم)'!$C:$C,$A20,'POINT سعد زغلول (قديم)'!$F:$F,"<>")-SUMIFS('POINT سعد زغلول (قديم)'!$D:$D,'POINT سعد زغلول (قديم)'!$C:$C,$A20,'POINT سعد زغلول (قديم)'!$G:$G,"<>",'POINT سعد زغلول (قديم)'!$F:$F,"")) -> 0 | K20: =IF($A20="","",SUMIFS('POWER ارض النت'!$D:$D,'POWER ارض النت'!$C:$C,$A20,'POWER ارض النت'!$F:$F,"<>")-SUMIFS('POWER ارض النت'!$D:$D,'POWER ارض النت'!$C:$C,$A20,'POWER ارض النت'!$G:$G,"<>",'POWER ارض النت'!$F:$F,"")) -> 0 | L20: =IF($A20="","",SUMIFS('POWER زفتي'!$D:$D,'POWER زفتي'!$C:$C,$A20,'POWER زفتي'!$F:$F,"<>")-SUMIFS('POWER زفتي'!$D:$D,'POWER زفتي'!$C:$C,$A20,'POWER زفتي'!$G:$G,"<>",'POWER زفتي'!$F:$F,"")) -> 0 | M20: =IF($A20="","",SUMIFS('احمد المنوفي'!$D:$D,'احمد المنوفي'!$C:$C,$A20,'احمد المنوفي'!$F:$F,"<>")-SUMIFS('احمد المنوفي'!$D:$D,'احمد المنوفي'!$C:$C,$A20,'احمد المنوفي'!$G:$G,"<>",'احمد المنوفي'!$F:$F,"")) -> 0 | N20: =IF($A20="","",SUMIFS(السفير!$D:$D,السفير!$C:$C,$A20,السفير!$F:$F,"<>")-SUMIFS(السفير!$D:$D,السفير!$C:$C,$A20,السفير!$G:$G,"<>",السفير!$F:$F,"")) -> 0 | O20: =IF($A20="","",SUMIFS(العالمي!$D:$D,العالمي!$C:$C,$A20,العالمي!$F:$F,"<>")-SUMIFS(العالمي!$D:$D,العالمي!$C:$C,$A20,العالمي!$G:$G,"<>",العالمي!$F:$F,"")) -> 0 | P20: =IF($A20="","",SUMIFS('باهي التركي'!$D:$D,'باهي التركي'!$C:$C,$A20,'باهي التركي'!$F:$F,"<>")-SUMIFS('باهي التركي'!$D:$D,'باهي التركي'!$C:$C,$A20,'باهي التركي'!$G:$G,"<>",'باهي التركي'!$F:$F,"")) -> 0 | Q20: =IF($A20="","",SUMIFS('توتي دماص'!$D:$D,'توتي دماص'!$C:$C,$A20,'توتي دماص'!$F:$F,"<>")-SUMIFS('توتي دماص'!$D:$D,'توتي دماص'!$C:$C,$A20,'توتي دماص'!$G:$G,"<>",'توتي دماص'!$F:$F,"")) -> 0 | R20: =IF($A20="","",SUMIFS('رضا محمد'!$D:$D,'رضا محمد'!$C:$C,$A20,'رضا محمد'!$F:$F,"<>")-SUMIFS('رضا محمد'!$D:$D,'رضا محمد'!$C:$C,$A20,'رضا محمد'!$G:$G,"<>",'رضا محمد'!$F:$F,"")) -> 0 | S20: =IF($A20="","",SUMIFS('زومبي العشري'!$D:$D,'زومبي العشري'!$C:$C,$A20,'زومبي العشري'!$F:$F,"<>")-SUMIFS('زومبي العشري'!$D:$D,'زومبي العشري'!$C:$C,$A20,'زومبي العشري'!$G:$G,"<>",'زومبي العشري'!$F:$F,"")) -> 0 | T20: =IF($A20="","",SUMIFS('محمد عرابي'!$D:$D,'محمد عرابي'!$C:$C,$A20,'محمد عرابي'!$F:$F,"<>")-SUMIFS('محمد عرابي'!$D:$D,'محمد عرابي'!$C:$C,$A20,'محمد عرابي'!$G:$G,"<>",'محمد عرابي'!$F:$F,"")) -> 0 | U20: =IF($A20="","",SUMIFS('عم جمال'!$D:$D,'عم جمال'!$C:$C,$A20,'عم جمال'!$F:$F,"<>")-SUMIFS('عم جمال'!$D:$D,'عم جمال'!$C:$C,$A20,'عم جمال'!$G:$G,"<>",'عم جمال'!$F:$F,"")) -> 0 | V20: =IF($A20="","",SUMIFS('فاير سيليكت'!$D:$D,'فاير سيليكت'!$C:$C,$A20,'فاير سيليكت'!$F:$F,"<>")-SUMIFS('فاير سيليكت'!$D:$D,'فاير سيليكت'!$C:$C,$A20,'فاير سيليكت'!$G:$G,"<>",'فاير سيليكت'!$F:$F,"")) -> 0 | W20: =IF($A20="","",SUMIFS(فرانكو!$D:$D,فرانكو!$C:$C,$A20,فرانكو!$F:$F,"<>")-SUMIFS(فرانكو!$D:$D,فرانكو!$C:$C,$A20,فرانكو!$G:$G,"<>",فرانكو!$F:$F,"")) -> 0 | X20: =IF($A20="","",SUMIFS('كريم بكر'!$D:$D,'كريم بكر'!$C:$C,$A20,'كريم بكر'!$F:$F,"<>")-SUMIFS('كريم بكر'!$D:$D,'كريم بكر'!$C:$C,$A20,'كريم بكر'!$G:$G,"<>",'كريم بكر'!$F:$F,"")) -> 0 | Y20: =IF($A20="","",SUMIFS(بفرا!$D:$D,بفرا!$C:$C,$A20,بفرا!$F:$F,"<>")-SUMIFS(بفرا!$D:$D,بفرا!$C:$C,$A20,بفرا!$G:$G,"<>",بفرا!$F:$F,"")) -> 0 | Z20: =IF($A20="","",SUMIFS('محل كوم النور'!$D:$D,'محل كوم النور'!$C:$C,$A20,'محل كوم النور'!$F:$F,"<>")-SUMIFS('محل كوم النور'!$D:$D,'محل كوم النور'!$C:$C,$A20,'محل كوم النور'!$G:$G,"<>",'محل كوم النور'!$F:$F,"")) -> 0 | AA20: =IF($A20="","",SUMIFS('محمد النجار'!$D:$D,'محمد النجار'!$C:$C,$A20,'محمد النجار'!$F:$F,"<>")-SUMIFS('محمد النجار'!$D:$D,'محمد النجار'!$C:$C,$A20,'محمد النجار'!$G:$G,"<>",'محمد النجار'!$F:$F,"")) -> 0 | AB20: =IF($A20="","",SUMIFS('محمود عبدالرسول'!$D:$D,'محمود عبدالرسول'!$C:$C,$A20,'محمود عبدالرسول'!$F:$F,"<>")-SUMIFS('محمود عبدالرسول'!$D:$D,'محمود عبدالرسول'!$C:$C,$A20,'محمود عبدالرسول'!$G:$G,"<>",'محمود عبدالرسول'!$F:$F,"")) -> 0 | AC20: =IF($A20="","",SUMIFS('مول المصطفي'!$D:$D,'مول المصطفي'!$C:$C,$A20,'مول المصطفي'!$F:$F,"<>")-SUMIFS('مول المصطفي'!$D:$D,'مول المصطفي'!$C:$C,$A20,'مول المصطفي'!$G:$G,"<>",'مول المصطفي'!$F:$F,"")) -> 0 | AD20: =IF($A20="","",SUMIFS(مصانع!$D:$D,مصانع!$C:$C,$A20,مصانع!$F:$F,"<>")-SUMIFS(مصانع!$D:$D,مصانع!$C:$C,$A20,مصانع!$G:$G,"<>",مصانع!$F:$F,"")) -> 0 | AE20: =IF($A20="","",SUM(B20:AD20)) -> 0 | AF20: P.B | AG20: 104
A21: B114 | B21: =IF($A21="","",SUMIFS('4K حموده'!$D:$D,'4K حموده'!$C:$C,$A21,'4K حموده'!$F:$F,"<>")-SUMIFS('4K حموده'!$D:$D,'4K حموده'!$C:$C,$A21,'4K حموده'!$G:$G,"<>",'4K حموده'!$F:$F,"")) -> 0 | C21: =IF($A21="","",SUMIFS('مكتب القاضي'!$D:$D,'مكتب القاضي'!$C:$C,$A21,'مكتب القاضي'!$F:$F,"<>")-SUMIFS('مكتب القاضي'!$D:$D,'مكتب القاضي'!$C:$C,$A21,'مكتب القاضي'!$G:$G,"<>",'مكتب القاضي'!$F:$F,"")) -> 0 | D21: =IF($A21="","",SUMIFS(الاتشو!$D:$D,الاتشو!$C:$C,$A21,الاتشو!$F:$F,"<>")-SUMIFS(الاتشو!$D:$D,الاتشو!$C:$C,$A21,الاتشو!$G:$G,"<>",الاتشو!$F:$F,"")) -> 0 | E21: =IF($A21="","",SUMIFS('علاء بوم ارض النت'!$D:$D,'علاء بوم ارض النت'!$C:$C,$A21,'علاء بوم ارض النت'!$F:$F,"<>")-SUMIFS('علاء بوم ارض النت'!$D:$D,'علاء بوم ارض النت'!$C:$C,$A21,'علاء بوم ارض النت'!$G:$G,"<>",'علاء بوم ارض النت'!$F:$F,"")) -> 0 | F21: =IF($A21="","",SUMIFS('كيمو ميت ابو خالد'!$D:$D,'كيمو ميت ابو خالد'!$C:$C,$A21,'كيمو ميت ابو خالد'!$F:$F,"<>")-SUMIFS('كيمو ميت ابو خالد'!$D:$D,'كيمو ميت ابو خالد'!$C:$C,$A21,'كيمو ميت ابو خالد'!$G:$G,"<>",'كيمو ميت ابو خالد'!$F:$F,"")) -> 0 | G21: =IF($A21="","",SUMIFS(KAZO!$D:$D,KAZO!$C:$C,$A21,KAZO!$F:$F,"<>")-SUMIFS(KAZO!$D:$D,KAZO!$C:$C,$A21,KAZO!$G:$G,"<>",KAZO!$F:$F,"")) -> 0 | H21: =IF($A21="","",SUMIFS(LAFY!$D:$D,LAFY!$C:$C,$A21,LAFY!$F:$F,"<>")-SUMIFS(LAFY!$D:$D,LAFY!$C:$C,$A21,LAFY!$G:$G,"<>",LAFY!$F:$F,"")) -> 32 | I21: =IF($A21="","",SUMIFS('POINT زفتي (جديد)'!$D:$D,'POINT زفتي (جديد)'!$C:$C,$A21,'POINT زفتي (جديد)'!$F:$F,"<>")-SUMIFS('POINT زفتي (جديد)'!$D:$D,'POINT زفتي (جديد)'!$C:$C,$A21,'POINT زفتي (جديد)'!$G:$G,"<>",'POINT زفتي (جديد)'!$F:$F,"")) -> 0 | J21: =IF($A21="","",SUMIFS('POINT سعد زغلول (قديم)'!$D:$D,'POINT سعد زغلول (قديم)'!$C:$C,$A21,'POINT سعد زغلول (قديم)'!$F:$F,"<>")-SUMIFS('POINT سعد زغلول (قديم)'!$D:$D,'POINT سعد زغلول (قديم)'!$C:$C,$A21,'POINT سعد زغلول (قديم)'!$G:$G,"<>",'POINT سعد زغلول (قديم)'!$F:$F,"")) -> 0 | K21: =IF($A21="","",SUMIFS('POWER ارض النت'!$D:$D,'POWER ارض النت'!$C:$C,$A21,'POWER ارض النت'!$F:$F,"<>")-SUMIFS('POWER ارض النت'!$D:$D,'POWER ارض النت'!$C:$C,$A21,'POWER ارض النت'!$G:$G,"<>",'POWER ارض النت'!$F:$F,"")) -> 0 | L21: =IF($A21="","",SUMIFS('POWER زفتي'!$D:$D,'POWER زفتي'!$C:$C,$A21,'POWER زفتي'!$F:$F,"<>")-SUMIFS('POWER زفتي'!$D:$D,'POWER زفتي'!$C:$C,$A21,'POWER زفتي'!$G:$G,"<>",'POWER زفتي'!$F:$F,"")) -> 0 | M21: =IF($A21="","",SUMIFS('احمد المنوفي'!$D:$D,'احمد المنوفي'!$C:$C,$A21,'احمد المنوفي'!$F:$F,"<>")-SUMIFS('احمد المنوفي'!$D:$D,'احمد المنوفي'!$C:$C,$A21,'احمد المنوفي'!$G:$G,"<>",'احمد المنوفي'!$F:$F,"")) -> 0 | N21: =IF($A21="","",SUMIFS(السفير!$D:$D,السفير!$C:$C,$A21,السفير!$F:$F,"<>")-SUMIFS(السفير!$D:$D,السفير!$C:$C,$A21,السفير!$G:$G,"<>",السفير!$F:$F,"")) -> 0 | O21: =IF($A21="","",SUMIFS(العالمي!$D:$D,العالمي!$C:$C,$A21,العالمي!$F:$F,"<>")-SUMIFS(العالمي!$D:$D,العالمي!$C:$C,$A21,العالمي!$G:$G,"<>",العالمي!$F:$F,"")) -> 0 | P21: =IF($A21="","",SUMIFS('باهي التركي'!$D:$D,'باهي التركي'!$C:$C,$A21,'باهي التركي'!$F:$F,"<>")-SUMIFS('باهي التركي'!$D:$D,'باهي التركي'!$C:$C,$A21,'باهي التركي'!$G:$G,"<>",'باهي التركي'!$F:$F,"")) -> 0 | Q21: =IF($A21="","",SUMIFS('توتي دماص'!$D:$D,'توتي دماص'!$C:$C,$A21,'توتي دماص'!$F:$F,"<>")-SUMIFS('توتي دماص'!$D:$D,'توتي دماص'!$C:$C,$A21,'توتي دماص'!$G:$G,"<>",'توتي دماص'!$F:$F,"")) -> 0 | R21: =IF($A21="","",SUMIFS('رضا محمد'!$D:$D,'رضا محمد'!$C:$C,$A21,'رضا محمد'!$F:$F,"<>")-SUMIFS('رضا محمد'!$D:$D,'رضا محمد'!$C:$C,$A21,'رضا محمد'!$G:$G,"<>",'رضا محمد'!$F:$F,"")) -> 0 | S21: =IF($A21="","",SUMIFS('زومبي العشري'!$D:$D,'زومبي العشري'!$C:$C,$A21,'زومبي العشري'!$F:$F,"<>")-SUMIFS('زومبي العشري'!$D:$D,'زومبي العشري'!$C:$C,$A21,'زومبي العشري'!$G:$G,"<>",'زومبي العشري'!$F:$F,"")) -> 0 | T21: =IF($A21="","",SUMIFS('محمد عرابي'!$D:$D,'محمد عرابي'!$C:$C,$A21,'محمد عرابي'!$F:$F,"<>")-SUMIFS('محمد عرابي'!$D:$D,'محمد عرابي'!$C:$C,$A21,'محمد عرابي'!$G:$G,"<>",'محمد عرابي'!$F:$F,"")) -> 0 | U21: =IF($A21="","",SUMIFS('عم جمال'!$D:$D,'عم جمال'!$C:$C,$A21,'عم جمال'!$F:$F,"<>")-SUMIFS('عم جمال'!$D:$D,'عم جمال'!$C:$C,$A21,'عم جمال'!$G:$G,"<>",'عم جمال'!$F:$F,"")) -> 0 | V21: =IF($A21="","",SUMIFS('فاير سيليكت'!$D:$D,'فاير سيليكت'!$C:$C,$A21,'فاير سيليكت'!$F:$F,"<>")-SUMIFS('فاير سيليكت'!$D:$D,'فاير سيليكت'!$C:$C,$A21,'فاير سيليكت'!$G:$G,"<>",'فاير سيليكت'!$F:$F,"")) -> 0 | W21: =IF($A21="","",SUMIFS(فرانكو!$D:$D,فرانكو!$C:$C,$A21,فرانكو!$F:$F,"<>")-SUMIFS(فرانكو!$D:$D,فرانكو!$C:$C,$A21,فرانكو!$G:$G,"<>",فرانكو!$F:$F,"")) -> 0 | X21: =IF($A21="","",SUMIFS('كريم بكر'!$D:$D,'كريم بكر'!$C:$C,$A21,'كريم بكر'!$F:$F,"<>")-SUMIFS('كريم بكر'!$D:$D,'كريم بكر'!$C:$C,$A21,'كريم بكر'!$G:$G,"<>",'كريم بكر'!$F:$F,"")) -> 0 | Y21: =IF($A21="","",SUMIFS(بفرا!$D:$D,بفرا!$C:$C,$A21,بفرا!$F:$F,"<>")-SUMIFS(بفرا!$D:$D,بفرا!$C:$C,$A21,بفرا!$G:$G,"<>",بفرا!$F:$F,"")) -> 0 | Z21: =IF($A21="","",SUMIFS('محل كوم النور'!$D:$D,'محل كوم النور'!$C:$C,$A21,'محل كوم النور'!$F:$F,"<>")-SUMIFS('محل كوم النور'!$D:$D,'محل كوم النور'!$C:$C,$A21,'محل كوم النور'!$G:$G,"<>",'محل كوم النور'!$F:$F,"")) -> 0 | AA21: =IF($A21="","",SUMIFS('محمد النجار'!$D:$D,'محمد النجار'!$C:$C,$A21,'محمد النجار'!$F:$F,"<>")-SUMIFS('محمد النجار'!$D:$D,'محمد النجار'!$C:$C,$A21,'محمد النجار'!$G:$G,"<>",'محمد النجار'!$F:$F,"")) -> 0 | AB21: =IF($A21="","",SUMIFS('محمود عبدالرسول'!$D:$D,'محمود عبدالرسول'!$C:$C,$A21,'محمود عبدالرسول'!$F:$F,"<>")-SUMIFS('محمود عبدالرسول'!$D:$D,'محمود عبدالرسول'!$C:$C,$A21,'محمود عبدالرسول'!$G:$G,"<>",'محمود عبدالرسول'!$F:$F,"")) -> 0 | AC21: =IF($A21="","",SUMIFS('مول المصطفي'!$D:$D,'مول المصطفي'!$C:$C,$A21,'مول المصطفي'!$F:$F,"<>")-SUMIFS('مول المصطفي'!$D:$D,'مول المصطفي'!$C:$C,$A21,'مول المصطفي'!$G:$G,"<>",'مول المصطفي'!$F:$F,"")) -> 0 | AD21: =IF($A21="","",SUMIFS(مصانع!$D:$D,مصانع!$C:$C,$A21,مصانع!$F:$F,"<>")-SUMIFS(مصانع!$D:$D,مصانع!$C:$C,$A21,مصانع!$G:$G,"<>",مصانع!$F:$F,"")) -> 0 | AE21: =IF($A21="","",SUM(B21:AD21)) -> 32 | AF21: شروال نايك تطريز استك | AG21: 88
A22: B115 | B22: =IF($A22="","",SUMIFS('4K حموده'!$D:$D,'4K حموده'!$C:$C,$A22,'4K حموده'!$F:$F,"<>")-SUMIFS('4K حموده'!$D:$D,'4K حموده'!$C:$C,$A22,'4K حموده'!$G:$G,"<>",'4K حموده'!$F:$F,"")) -> 0 | C22: =IF($A22="","",SUMIFS('مكتب القاضي'!$D:$D,'مكتب القاضي'!$C:$C,$A22,'مكتب القاضي'!$F:$F,"<>")-SUMIFS('مكتب القاضي'!$D:$D,'مكتب القاضي'!$C:$C,$A22,'مكتب القاضي'!$G:$G,"<>",'مكتب القاضي'!$F:$F,"")) -> 0 | D22: =IF($A22="","",SUMIFS(الاتشو!$D:$D,الاتشو!$C:$C,$A22,الاتشو!$F:$F,"<>")-SUMIFS(الاتشو!$D:$D,الاتشو!$C:$C,$A22,الاتشو!$G:$G,"<>",الاتشو!$F:$F,"")) -> 0 | E22: =IF($A22="","",SUMIFS('علاء بوم ارض النت'!$D:$D,'علاء بوم ارض النت'!$C:$C,$A22,'علاء بوم ارض النت'!$F:$F,"<>")-SUMIFS('علاء بوم ارض النت'!$D:$D,'علاء بوم ارض النت'!$C:$C,$A22,'علاء بوم ارض النت'!$G:$G,"<>",'علاء بوم ارض النت'!$F:$F,"")) -> 8 | F22: =IF($A22="","",SUMIFS('كيمو ميت ابو خالد'!$D:$D,'كيمو ميت ابو خالد'!$C:$C,$A22,'كيمو ميت ابو خالد'!$F:$F,"<>")-SUMIFS('كيمو ميت ابو خالد'!$D:$D,'كيمو ميت ابو خالد'!$C:$C,$A22,'كيمو ميت ابو خالد'!$G:$G,"<>",'كيمو ميت ابو خالد'!$F:$F,"")) -> 0 | G22: =IF($A22="","",SUMIFS(KAZO!$D:$D,KAZO!$C:$C,$A22,KAZO!$F:$F,"<>")-SUMIFS(KAZO!$D:$D,KAZO!$C:$C,$A22,KAZO!$G:$G,"<>",KAZO!$F:$F,"")) -> 0 | H22: =IF($A22="","",SUMIFS(LAFY!$D:$D,LAFY!$C:$C,$A22,LAFY!$F:$F,"<>")-SUMIFS(LAFY!$D:$D,LAFY!$C:$C,$A22,LAFY!$G:$G,"<>",LAFY!$F:$F,"")) -> 0 | I22: =IF($A22="","",SUMIFS('POINT زفتي (جديد)'!$D:$D,'POINT زفتي (جديد)'!$C:$C,$A22,'POINT زفتي (جديد)'!$F:$F,"<>")-SUMIFS('POINT زفتي (جديد)'!$D:$D,'POINT زفتي (جديد)'!$C:$C,$A22,'POINT زفتي (جديد)'!$G:$G,"<>",'POINT زفتي (جديد)'!$F:$F,"")) -> 0 | J22: =IF($A22="","",SUMIFS('POINT سعد زغلول (قديم)'!$D:$D,'POINT سعد زغلول (قديم)'!$C:$C,$A22,'POINT سعد زغلول (قديم)'!$F:$F,"<>")-SUMIFS('POINT سعد زغلول (قديم)'!$D:$D,'POINT سعد زغلول (قديم)'!$C:$C,$A22,'POINT سعد زغلول (قديم)'!$G:$G,"<>",'POINT سعد زغلول (قديم)'!$F:$F,"")) -> 0 | K22: =IF($A22="","",SUMIFS('POWER ارض النت'!$D:$D,'POWER ارض النت'!$C:$C,$A22,'POWER ارض النت'!$F:$F,"<>")-SUMIFS('POWER ارض النت'!$D:$D,'POWER ارض النت'!$C:$C,$A22,'POWER ارض النت'!$G:$G,"<>",'POWER ارض النت'!$F:$F,"")) -> 0 | L22: =IF($A22="","",SUMIFS('POWER زفتي'!$D:$D,'POWER زفتي'!$C:$C,$A22,'POWER زفتي'!$F:$F,"<>")-SUMIFS('POWER زفتي'!$D:$D,'POWER زفتي'!$C:$C,$A22,'POWER زفتي'!$G:$G,"<>",'POWER زفتي'!$F:$F,"")) -> 0 | M22: =IF($A22="","",SUMIFS('احمد المنوفي'!$D:$D,'احمد المنوفي'!$C:$C,$A22,'احمد المنوفي'!$F:$F,"<>")-SUMIFS('احمد المنوفي'!$D:$D,'احمد المنوفي'!$C:$C,$A22,'احمد المنوفي'!$G:$G,"<>",'احمد المنوفي'!$F:$F,"")) -> 0 | N22: =IF($A22="","",SUMIFS(السفير!$D:$D,السفير!$C:$C,$A22,السفير!$F:$F,"<>")-SUMIFS(السفير!$D:$D,السفير!$C:$C,$A22,السفير!$G:$G,"<>",السفير!$F:$F,"")) -> 0 | O22: =IF($A22="","",SUMIFS(العالمي!$D:$D,العالمي!$C:$C,$A22,العالمي!$F:$F,"<>")-SUMIFS(العالمي!$D:$D,العالمي!$C:$C,$A22,العالمي!$G:$G,"<>",العالمي!$F:$F,"")) -> 0 | P22: =IF($A22="","",SUMIFS('باهي التركي'!$D:$D,'باهي التركي'!$C:$C,$A22,'باهي التركي'!$F:$F,"<>")-SUMIFS('باهي التركي'!$D:$D,'باهي التركي'!$C:$C,$A22,'باهي التركي'!$G:$G,"<>",'باهي التركي'!$F:$F,"")) -> 0 | Q22: =IF($A22="","",SUMIFS('توتي دماص'!$D:$D,'توتي دماص'!$C:$C,$A22,'توتي دماص'!$F:$F,"<>")-SUMIFS('توتي دماص'!$D:$D,'توتي دماص'!$C:$C,$A22,'توتي دماص'!$G:$G,"<>",'توتي دماص'!$F:$F,"")) -> 0 | R22: =IF($A22="","",SUMIFS('رضا محمد'!$D:$D,'رضا محمد'!$C:$C,$A22,'رضا محمد'!$F:$F,"<>")-SUMIFS('رضا محمد'!$D:$D,'رضا محمد'!$C:$C,$A22,'رضا محمد'!$G:$G,"<>",'رضا محمد'!$F:$F,"")) -> 0 | S22: =IF($A22="","",SUMIFS('زومبي العشري'!$D:$D,'زومبي العشري'!$C:$C,$A22,'زومبي العشري'!$F:$F,"<>")-SUMIFS('زومبي العشري'!$D:$D,'زومبي العشري'!$C:$C,$A22,'زومبي العشري'!$G:$G,"<>",'زومبي العشري'!$F:$F,"")) -> 0 | T22: =IF($A22="","",SUMIFS('محمد عرابي'!$D:$D,'محمد عرابي'!$C:$C,$A22,'محمد عرابي'!$F:$F,"<>")-SUMIFS('محمد عرابي'!$D:$D,'محمد عرابي'!$C:$C,$A22,'محمد عرابي'!$G:$G,"<>",'محمد عرابي'!$F:$F,"")) -> 0 | U22: =IF($A22="","",SUMIFS('عم جمال'!$D:$D,'عم جمال'!$C:$C,$A22,'عم جمال'!$F:$F,"<>")-SUMIFS('عم جمال'!$D:$D,'عم جمال'!$C:$C,$A22,'عم جمال'!$G:$G,"<>",'عم جمال'!$F:$F,"")) -> 0 | V22: =IF($A22="","",SUMIFS('فاير سيليكت'!$D:$D,'فاير سيليكت'!$C:$C,$A22,'فاير سيليكت'!$F:$F,"<>")-SUMIFS('فاير سيليكت'!$D:$D,'فاير سيليكت'!$C:$C,$A22,'فاير سيليكت'!$G:$G,"<>",'فاير سيليكت'!$F:$F,"")) -> 3 | W22: =IF($A22="","",SUMIFS(فرانكو!$D:$D,فرانكو!$C:$C,$A22,فرانكو!$F:$F,"<>")-SUMIFS(فرانكو!$D:$D,فرانكو!$C:$C,$A22,فرانكو!$G:$G,"<>",فرانكو!$F:$F,"")) -> 0 | X22: =IF($A22="","",SUMIFS('كريم بكر'!$D:$D,'كريم بكر'!$C:$C,$A22,'كريم بكر'!$F:$F,"<>")-SUMIFS('كريم بكر'!$D:$D,'كريم بكر'!$C:$C,$A22,'كريم بكر'!$G:$G,"<>",'كريم بكر'!$F:$F,"")) -> 0 | Y22: =IF($A22="","",SUMIFS(بفرا!$D:$D,بفرا!$C:$C,$A22,بفرا!$F:$F,"<>")-SUMIFS(بفرا!$D:$D,بفرا!$C:$C,$A22,بفرا!$G:$G,"<>",بفرا!$F:$F,"")) -> 0 | Z22: =IF($A22="","",SUMIFS('محل كوم النور'!$D:$D,'محل كوم النور'!$C:$C,$A22,'محل كوم النور'!$F:$F,"<>")-SUMIFS('محل كوم النور'!$D:$D,'محل كوم النور'!$C:$C,$A22,'محل كوم النور'!$G:$G,"<>",'محل كوم النور'!$F:$F,"")) -> 0 | AA22: =IF($A22="","",SUMIFS('محمد النجار'!$D:$D,'محمد النجار'!$C:$C,$A22,'محمد النجار'!$F:$F,"<>")-SUMIFS('محمد النجار'!$D:$D,'محمد النجار'!$C:$C,$A22,'محمد النجار'!$G:$G,"<>",'محمد النجار'!$F:$F,"")) -> 0 | AB22: =IF($A22="","",SUMIFS('محمود عبدالرسول'!$D:$D,'محمود عبدالرسول'!$C:$C,$A22,'محمود عبدالرسول'!$F:$F,"<>")-SUMIFS('محمود عبدالرسول'!$D:$D,'محمود عبدالرسول'!$C:$C,$A22,'محمود عبدالرسول'!$G:$G,"<>",'محمود عبدالرسول'!$F:$F,"")) -> 0 | AC22: =IF($A22="","",SUMIFS('مول المصطفي'!$D:$D,'مول المصطفي'!$C:$C,$A22,'مول المصطفي'!$F:$F,"<>")-SUMIFS('مول المصطفي'!$D:$D,'مول المصطفي'!$C:$C,$A22,'مول المصطفي'!$G:$G,"<>",'مول المصطفي'!$F:$F,"")) -> 0 | AD22: =IF($A22="","",SUMIFS(مصانع!$D:$D,مصانع!$C:$C,$A22,مصانع!$F:$F,"<>")-SUMIFS(مصانع!$D:$D,مصانع!$C:$C,$A22,مصانع!$G:$G,"<>",مصانع!$F:$F,"")) -> 0 | AE22: =IF($A22="","",SUM(B22:AD22)) -> 11 | AF22: شروال شريط بدج | AG22: 156 | AH22: =IF(OR($A22="",AG22=""),"",AG22-AE22) -> 145 | AI22: 360 | AJ22: =IF(OR($A22="",AH22=""),"",AH22*AI22) -> 52200
A23: B118 | B23: =IF($A23="","",SUMIFS('4K حموده'!$D:$D,'4K حموده'!$C:$C,$A23,'4K حموده'!$F:$F,"<>")-SUMIFS('4K حموده'!$D:$D,'4K حموده'!$C:$C,$A23,'4K حموده'!$G:$G,"<>",'4K حموده'!$F:$F,"")) -> 0 | C23: =IF($A23="","",SUMIFS('مكتب القاضي'!$D:$D,'مكتب القاضي'!$C:$C,$A23,'مكتب القاضي'!$F:$F,"<>")-SUMIFS('مكتب القاضي'!$D:$D,'مكتب القاضي'!$C:$C,$A23,'مكتب القاضي'!$G:$G,"<>",'مكتب القاضي'!$F:$F,"")) -> 0 | D23: =IF($A23="","",SUMIFS(الاتشو!$D:$D,الاتشو!$C:$C,$A23,الاتشو!$F:$F,"<>")-SUMIFS(الاتشو!$D:$D,الاتشو!$C:$C,$A23,الاتشو!$G:$G,"<>",الاتشو!$F:$F,"")) -> 0 | E23: =IF($A23="","",SUMIFS('علاء بوم ارض النت'!$D:$D,'علاء بوم ارض النت'!$C:$C,$A23,'علاء بوم ارض النت'!$F:$F,"<>")-SUMIFS('علاء بوم ارض النت'!$D:$D,'علاء بوم ارض النت'!$C:$C,$A23,'علاء بوم ارض النت'!$G:$G,"<>",'علاء بوم ارض النت'!$F:$F,"")) -> 0 | F23: =IF($A23="","",SUMIFS('كيمو ميت ابو خالد'!$D:$D,'كيمو ميت ابو خالد'!$C:$C,$A23,'كيمو ميت ابو خالد'!$F:$F,"<>")-SUMIFS('كيمو ميت ابو خالد'!$D:$D,'كيمو ميت ابو خالد'!$C:$C,$A23,'كيمو ميت ابو خالد'!$G:$G,"<>",'كيمو ميت ابو خالد'!$F:$F,"")) -> 0 | G23: =IF($A23="","",SUMIFS(KAZO!$D:$D,KAZO!$C:$C,$A23,KAZO!$F:$F,"<>")-SUMIFS(KAZO!$D:$D,KAZO!$C:$C,$A23,KAZO!$G:$G,"<>",KAZO!$F:$F,"")) -> 0 | H23: =IF($A23="","",SUMIFS(LAFY!$D:$D,LAFY!$C:$C,$A23,LAFY!$F:$F,"<>")-SUMIFS(LAFY!$D:$D,LAFY!$C:$C,$A23,LAFY!$G:$G,"<>",LAFY!$F:$F,"")) -> 0 | I23: =IF($A23="","",SUMIFS('POINT زفتي (جديد)'!$D:$D,'POINT زفتي (جديد)'!$C:$C,$A23,'POINT زفتي (جديد)'!$F:$F,"<>")-SUMIFS('POINT زفتي (جديد)'!$D:$D,'POINT زفتي (جديد)'!$C:$C,$A23,'POINT زفتي (جديد)'!$G:$G,"<>",'POINT زفتي (جديد)'!$F:$F,"")) -> 0 | J23: =IF($A23="","",SUMIFS('POINT سعد زغلول (قديم)'!$D:$D,'POINT سعد زغلول (قديم)'!$C:$C,$A23,'POINT سعد زغلول (قديم)'!$F:$F,"<>")-SUMIFS('POINT سعد زغلول (قديم)'!$D:$D,'POINT سعد زغلول (قديم)'!$C:$C,$A23,'POINT سعد زغلول (قديم)'!$G:$G,"<>",'POINT سعد زغلول (قديم)'!$F:$F,"")) -> 0 | K23: =IF($A23="","",SUMIFS('POWER ارض النت'!$D:$D,'POWER ارض النت'!$C:$C,$A23,'POWER ارض النت'!$F:$F,"<>")-SUMIFS('POWER ارض النت'!$D:$D,'POWER ارض النت'!$C:$C,$A23,'POWER ارض النت'!$G:$G,"<>",'POWER ارض النت'!$F:$F,"")) -> 0 | L23: =IF($A23="","",SUMIFS('POWER زفتي'!$D:$D,'POWER زفتي'!$C:$C,$A23,'POWER زفتي'!$F:$F,"<>")-SUMIFS('POWER زفتي'!$D:$D,'POWER زفتي'!$C:$C,$A23,'POWER زفتي'!$G:$G,"<>",'POWER زفتي'!$F:$F,"")) -> 0 | M23: =IF($A23="","",SUMIFS('احمد المنوفي'!$D:$D,'احمد المنوفي'!$C:$C,$A23,'احمد المنوفي'!$F:$F,"<>")-SUMIFS('احمد المنوفي'!$D:$D,'احمد المنوفي'!$C:$C,$A23,'احمد المنوفي'!$G:$G,"<>",'احمد المنوفي'!$F:$F,"")) -> 0 | N23: =IF($A23="","",SUMIFS(السفير!$D:$D,السفير!$C:$C,$A23,السفير!$F:$F,"<>")-SUMIFS(السفير!$D:$D,السفير!$C:$C,$A23,السفير!$G:$G,"<>",السفير!$F:$F,"")) -> 0 | O23: =IF($A23="","",SUMIFS(العالمي!$D:$D,العالمي!$C:$C,$A23,العالمي!$F:$F,"<>")-SUMIFS(العالمي!$D:$D,العالمي!$C:$C,$A23,العالمي!$G:$G,"<>",العالمي!$F:$F,"")) -> 0 | P23: =IF($A23="","",SUMIFS('باهي التركي'!$D:$D,'باهي التركي'!$C:$C,$A23,'باهي التركي'!$F:$F,"<>")-SUMIFS('باهي التركي'!$D:$D,'باهي التركي'!$C:$C,$A23,'باهي التركي'!$G:$G,"<>",'باهي التركي'!$F:$F,"")) -> 0 | Q23: =IF($A23="","",SUMIFS('توتي دماص'!$D:$D,'توتي دماص'!$C:$C,$A23,'توتي دماص'!$F:$F,"<>")-SUMIFS('توتي دماص'!$D:$D,'توتي دماص'!$C:$C,$A23,'توتي دماص'!$G:$G,"<>",'توتي دماص'!$F:$F,"")) -> 0 | R23: =IF($A23="","",SUMIFS('رضا محمد'!$D:$D,'رضا محمد'!$C:$C,$A23,'رضا محمد'!$F:$F,"<>")-SUMIFS('رضا محمد'!$D:$D,'رضا محمد'!$C:$C,$A23,'رضا محمد'!$G:$G,"<>",'رضا محمد'!$F:$F,"")) -> 0 | S23: =IF($A23="","",SUMIFS('زومبي العشري'!$D:$D,'زومبي العشري'!$C:$C,$A23,'زومبي العشري'!$F:$F,"<>")-SUMIFS('زومبي العشري'!$D:$D,'زومبي العشري'!$C:$C,$A23,'زومبي العشري'!$G:$G,"<>",'زومبي العشري'!$F:$F,"")) -> 0 | T23: =IF($A23="","",SUMIFS('محمد عرابي'!$D:$D,'محمد عرابي'!$C:$C,$A23,'محمد عرابي'!$F:$F,"<>")-SUMIFS('محمد عرابي'!$D:$D,'محمد عرابي'!$C:$C,$A23,'محمد عرابي'!$G:$G,"<>",'محمد عرابي'!$F:$F,"")) -> 0 | U23: =IF($A23="","",SUMIFS('عم جمال'!$D:$D,'عم جمال'!$C:$C,$A23,'عم جمال'!$F:$F,"<>")-SUMIFS('عم جمال'!$D:$D,'عم جمال'!$C:$C,$A23,'عم جمال'!$G:$G,"<>",'عم جمال'!$F:$F,"")) -> 0 | V23: =IF($A23="","",SUMIFS('فاير سيليكت'!$D:$D,'فاير سيليكت'!$C:$C,$A23,'فاير سيليكت'!$F:$F,"<>")-SUMIFS('فاير سيليكت'!$D:$D,'فاير سيليكت'!$C:$C,$A23,'فاير سيليكت'!$G:$G,"<>",'فاير سيليكت'!$F:$F,"")) -> 0 | W23: =IF($A23="","",SUMIFS(فرانكو!$D:$D,فرانكو!$C:$C,$A23,فرانكو!$F:$F,"<>")-SUMIFS(فرانكو!$D:$D,فرانكو!$C:$C,$A23,فرانكو!$G:$G,"<>",فرانكو!$F:$F,"")) -> 0 | X23: =IF($A23="","",SUMIFS('كريم بكر'!$D:$D,'كريم بكر'!$C:$C,$A23,'كريم بكر'!$F:$F,"<>")-SUMIFS('كريم بكر'!$D:$D,'كريم بكر'!$C:$C,$A23,'كريم بكر'!$G:$G,"<>",'كريم بكر'!$F:$F,"")) -> 0 | Y23: =IF($A23="","",SUMIFS(بفرا!$D:$D,بفرا!$C:$C,$A23,بفرا!$F:$F,"<>")-SUMIFS(بفرا!$D:$D,بفرا!$C:$C,$A23,بفرا!$G:$G,"<>",بفرا!$F:$F,"")) -> 0 | Z23: =IF($A23="","",SUMIFS('محل كوم النور'!$D:$D,'محل كوم النور'!$C:$C,$A23,'محل كوم النور'!$F:$F,"<>")-SUMIFS('محل كوم النور'!$D:$D,'محل كوم النور'!$C:$C,$A23,'محل كوم النور'!$G:$G,"<>",'محل كوم النور'!$F:$F,"")) -> 0 | AA23: =IF($A23="","",SUMIFS('محمد النجار'!$D:$D,'محمد النجار'!$C:$C,$A23,'محمد النجار'!$F:$F,"<>")-SUMIFS('محمد النجار'!$D:$D,'محمد النجار'!$C:$C,$A23,'محمد النجار'!$G:$G,"<>",'محمد النجار'!$F:$F,"")) -> 0 | AB23: =IF($A23="","",SUMIFS('محمود عبدالرسول'!$D:$D,'محمود عبدالرسول'!$C:$C,$A23,'محمود عبدالرسول'!$F:$F,"<>")-SUMIFS('محمود عبدالرسول'!$D:$D,'محمود عبدالرسول'!$C:$C,$A23,'محمود عبدالرسول'!$G:$G,"<>",'محمود عبدالرسول'!$F:$F,"")) -> 0 | AC23: =IF($A23="","",SUMIFS('مول المصطفي'!$D:$D,'مول المصطفي'!$C:$C,$A23,'مول المصطفي'!$F:$F,"<>")-SUMIFS('مول المصطفي'!$D:$D,'مول المصطفي'!$C:$C,$A23,'مول المصطفي'!$G:$G,"<>",'مول المصطفي'!$F:$F,"")) -> 0 | AD23: =IF($A23="","",SUMIFS(مصانع!$D:$D,مصانع!$C:$C,$A23,مصانع!$F:$F,"<>")-SUMIFS(مصانع!$D:$D,مصانع!$C:$C,$A23,مصانع!$G:$G,"<>",مصانع!$F:$F,"")) -> 0 | AE23: =IF($A23="","",SUM(B23:AD23)) -> 0 | AF23: شروال بالنسياجا | AG23: 100
B24: =IF($A24="","",SUMIFS('4K حموده'!$D:$D,'4K حموده'!$C:$C,$A24,'4K حموده'!$F:$F,"<>")-SUMIFS('4K حموده'!$D:$D,'4K حموده'!$C:$C,$A24,'4K حموده'!$G:$G,"<>",'4K حموده'!$F:$F,"")) | C24: =IF($A24="","",SUMIFS('مكتب القاضي'!$D:$D,'مكتب القاضي'!$C:$C,$A24,'مكتب القاضي'!$F:$F,"<>")-SUMIFS('مكتب القاضي'!$D:$D,'مكتب القاضي'!$C:$C,$A24,'مكتب القاضي'!$G:$G,"<>",'مكتب القاضي'!$F:$F,"")) | D24: =IF($A24="","",SUMIFS(الاتشو!$D:$D,الاتشو!$C:$C,$A24,الاتشو!$F:$F,"<>")-SUMIFS(الاتشو!$D:$D,الاتشو!$C:$C,$A24,الاتشو!$G:$G,"<>",الاتشو!$F:$F,"")) | E24: =IF($A24="","",SUMIFS('علاء بوم ارض النت'!$D:$D,'علاء بوم ارض النت'!$C:$C,$A24,'علاء بوم ارض النت'!$F:$F,"<>")-SUMIFS('علاء بوم ارض النت'!$D:$D,'علاء بوم ارض النت'!$C:$C,$A24,'علاء بوم ارض النت'!$G:$G,"<>",'علاء بوم ارض النت'!$F:$F,"")) | F24: =IF($A24="","",SUMIFS('كيمو ميت ابو خالد'!$D:$D,'كيمو ميت ابو خالد'!$C:$C,$A24,'كيمو ميت ابو خالد'!$F:$F,"<>")-SUMIFS('كيمو ميت ابو خالد'!$D:$D,'كيمو ميت ابو خالد'!$C:$C,$A24,'كيمو ميت ابو خالد'!$G:$G,"<>",'كيمو ميت ابو خالد'!$F:$F,"")) | G24: =IF($A24="","",SUMIFS(KAZO!$D:$D,KAZO!$C:$C,$A24,KAZO!$F:$F,"<>")-SUMIFS(KAZO!$D:$D,KAZO!$C:$C,$A24,KAZO!$G:$G,"<>",KAZO!$F:$F,"")) | H24: =IF($A24="","",SUMIFS(LAFY!$D:$D,LAFY!$C:$C,$A24,LAFY!$F:$F,"<>")-SUMIFS(LAFY!$D:$D,LAFY!$C:$C,$A24,LAFY!$G:$G,"<>",LAFY!$F:$F,"")) | I24: =IF($A24="","",SUMIFS('POINT زفتي (جديد)'!$D:$D,'POINT زفتي (جديد)'!$C:$C,$A24,'POINT زفتي (جديد)'!$F:$F,"<>")-SUMIFS('POINT زفتي (جديد)'!$D:$D,'POINT زفتي (جديد)'!$C:$C,$A24,'POINT زفتي (جديد)'!$G:$G,"<>",'POINT زفتي (جديد)'!$F:$F,"")) | J24: =IF($A24="","",SUMIFS('POINT سعد زغلول (قديم)'!$D:$D,'POINT سعد زغلول (قديم)'!$C:$C,$A24,'POINT سعد زغلول (قديم)'!$F:$F,"<>")-SUMIFS('POINT سعد زغلول (قديم)'!$D:$D,'POINT سعد زغلول (قديم)'!$C:$C,$A24,'POINT سعد زغلول (قديم)'!$G:$G,"<>",'POINT سعد زغلول (قديم)'!$F:$F,"")) | K24: =IF($A24="","",SUMIFS('POWER ارض النت'!$D:$D,'POWER ارض النت'!$C:$C,$A24,'POWER ارض النت'!$F:$F,"<>")-SUMIFS('POWER ارض النت'!$D:$D,'POWER ارض النت'!$C:$C,$A24,'POWER ارض النت'!$G:$G,"<>",'POWER ارض النت'!$F:$F,"")) | L24: =IF($A24="","",SUMIFS('POWER زفتي'!$D:$D,'POWER زفتي'!$C:$C,$A24,'POWER زفتي'!$F:$F,"<>")-SUMIFS('POWER زفتي'!$D:$D,'POWER زفتي'!$C:$C,$A24,'POWER زفتي'!$G:$G,"<>",'POWER زفتي'!$F:$F,"")) | M24: =IF($A24="","",SUMIFS('احمد المنوفي'!$D:$D,'احمد المنوفي'!$C:$C,$A24,'احمد المنوفي'!$F:$F,"<>")-SUMIFS('احمد المنوفي'!$D:$D,'احمد المنوفي'!$C:$C,$A24,'احمد المنوفي'!$G:$G,"<>",'احمد المنوفي'!$F:$F,"")) | N24: =IF($A24="","",SUMIFS(السفير!$D:$D,السفير!$C:$C,$A24,السفير!$F:$F,"<>")-SUMIFS(السفير!$D:$D,السفير!$C:$C,$A24,السفير!$G:$G,"<>",السفير!$F:$F,"")) | O24: =IF($A24="","",SUMIFS(العالمي!$D:$D,العالمي!$C:$C,$A24,العالمي!$F:$F,"<>")-SUMIFS(العالمي!$D:$D,العالمي!$C:$C,$A24,العالمي!$G:$G,"<>",العالمي!$F:$F,"")) | P24: =IF($A24="","",SUMIFS('باهي التركي'!$D:$D,'باهي التركي'!$C:$C,$A24,'باهي التركي'!$F:$F,"<>")-SUMIFS('باهي التركي'!$D:$D,'باهي التركي'!$C:$C,$A24,'باهي التركي'!$G:$G,"<>",'باهي التركي'!$F:$F,"")) | Q24: =IF($A24="","",SUMIFS('توتي دماص'!$D:$D,'توتي دماص'!$C:$C,$A24,'توتي دماص'!$F:$F,"<>")-SUMIFS('توتي دماص'!$D:$D,'توتي دماص'!$C:$C,$A24,'توتي دماص'!$G:$G,"<>",'توتي دماص'!$F:$F,"")) | R24: =IF($A24="","",SUMIFS('رضا محمد'!$D:$D,'رضا محمد'!$C:$C,$A24,'رضا محمد'!$F:$F,"<>")-SUMIFS('رضا محمد'!$D:$D,'رضا محمد'!$C:$C,$A24,'رضا محمد'!$G:$G,"<>",'رضا محمد'!$F:$F,"")) | S24: =IF($A24="","",SUMIFS('زومبي العشري'!$D:$D,'زومبي العشري'!$C:$C,$A24,'زومبي العشري'!$F:$F,"<>")-SUMIFS('زومبي العشري'!$D:$D,'زومبي العشري'!$C:$C,$A24,'زومبي العشري'!$G:$G,"<>",'زومبي العشري'!$F:$F,"")) | T24: =IF($A24="","",SUMIFS('محمد عرابي'!$D:$D,'محمد عرابي'!$C:$C,$A24,'محمد عرابي'!$F:$F,"<>")-SUMIFS('محمد عرابي'!$D:$D,'محمد عرابي'!$C:$C,$A24,'محمد عرابي'!$G:$G,"<>",'محمد عرابي'!$F:$F,"")) | U24: =IF($A24="","",SUMIFS('عم جمال'!$D:$D,'عم جمال'!$C:$C,$A24,'عم جمال'!$F:$F,"<>")-SUMIFS('عم جمال'!$D:$D,'عم جمال'!$C:$C,$A24,'عم جمال'!$G:$G,"<>",'عم جمال'!$F:$F,"")) | V24: =IF($A24="","",SUMIFS('فاير سيليكت'!$D:$D,'فاير سيليكت'!$C:$C,$A24,'فاير سيليكت'!$F:$F,"<>")-SUMIFS('فاير سيليكت'!$D:$D,'فاير سيليكت'!$C:$C,$A24,'فاير سيليكت'!$G:$G,"<>",'فاير سيليكت'!$F:$F,"")) | W24: =IF($A24="","",SUMIFS(فرانكو!$D:$D,فرانكو!$C:$C,$A24,فرانكو!$F:$F,"<>")-SUMIFS(فرانكو!$D:$D,فرانكو!$C:$C,$A24,فرانكو!$G:$G,"<>",فرانكو!$F:$F,"")) | X24: =IF($A24="","",SUMIFS('كريم بكر'!$D:$D,'كريم بكر'!$C:$C,$A24,'كريم بكر'!$F:$F,"<>")-SUMIFS('كريم بكر'!$D:$D,'كريم بكر'!$C:$C,$A24,'كريم بكر'!$G:$G,"<>",'كريم بكر'!$F:$F,"")) | Y24: =IF($A24="","",SUMIFS(بفرا!$D:$D,بفرا!$C:$C,$A24,بفرا!$F:$F,"<>")-SUMIFS(بفرا!$D:$D,بفرا!$C:$C,$A24,بفرا!$G:$G,"<>",بفرا!$F:$F,"")) | Z24: =IF($A24="","",SUMIFS('محل كوم النور'!$D:$D,'محل كوم النور'!$C:$C,$A24,'محل كوم النور'!$F:$F,"<>")-SUMIFS('محل كوم النور'!$D:$D,'محل كوم النور'!$C:$C,$A24,'محل كوم النور'!$G:$G,"<>",'محل كوم النور'!$F:$F,"")) | AA24: =IF($A24="","",SUMIFS('محمد النجار'!$D:$D,'محمد النجار'!$C:$C,$A24,'محمد النجار'!$F:$F,"<>")-SUMIFS('محمد النجار'!$D:$D,'محمد النجار'!$C:$C,$A24,'محمد النجار'!$G:$G,"<>",'محمد النجار'!$F:$F,"")) | AB24: =IF($A24="","",SUMIFS('محمود عبدالرسول'!$D:$D,'محمود عبدالرسول'!$C:$C,$A24,'محمود عبدالرسول'!$F:$F,"<>")-SUMIFS('محمود عبدالرسول'!$D:$D,'محمود عبدالرسول'!$C:$C,$A24,'محمود عبدالرسول'!$G:$G,"<>",'محمود عبدالرسول'!$F:$F,"")) | AC24: =IF($A24="","",SUMIFS('مول المصطفي'!$D:$D,'مول المصطفي'!$C:$C,$A24,'مول المصطفي'!$F:$F,"<>")-SUMIFS('مول المصطفي'!$D:$D,'مول المصطفي'!$C:$C,$A24,'مول المصطفي'!$G:$G,"<>",'مول المصطفي'!$F:$F,"")) | AD24: =IF($A24="","",SUMIFS(مصانع!$D:$D,مصانع!$C:$C,$A24,مصانع!$F:$F,"<>")-SUMIFS(مصانع!$D:$D,مصانع!$C:$C,$A24,مصانع!$G:$G,"<>",مصانع!$F:$F,"")) | AE24: =IF($A24="","",SUM(B24:AD24)) | AH24: =IF(OR($A24="",AG24=""),"",AG24-AE24) | AJ24: =IF(OR($A24="",AH24=""),"",AH24*AI24)
B25: =IF($A25="","",SUMIFS('4K حموده'!$D:$D,'4K حموده'!$C:$C,$A25,'4K حموده'!$F:$F,"<>")-SUMIFS('4K حموده'!$D:$D,'4K حموده'!$C:$C,$A25,'4K حموده'!$G:$G,"<>",'4K حموده'!$F:$F,"")) | C25: =IF($A25="","",SUMIFS('مكتب القاضي'!$D:$D,'مكتب القاضي'!$C:$C,$A25,'مكتب القاضي'!$F:$F,"<>")-SUMIFS('مكتب القاضي'!$D:$D,'مكتب القاضي'!$C:$C,$A25,'مكتب القاضي'!$G:$G,"<>",'مكتب القاضي'!$F:$F,"")) | D25: =IF($A25="","",SUMIFS(الاتشو!$D:$D,الاتشو!$C:$C,$A25,الاتشو!$F:$F,"<>")-SUMIFS(الاتشو!$D:$D,الاتشو!$C:$C,$A25,الاتشو!$G:$G,"<>",الاتشو!$F:$F,"")) | E25: =IF($A25="","",SUMIFS('علاء بوم ارض النت'!$D:$D,'علاء بوم ارض النت'!$C:$C,$A25,'علاء بوم ارض النت'!$F:$F,"<>")-SUMIFS('علاء بوم ارض النت'!$D:$D,'علاء بوم ارض النت'!$C:$C,$A25,'علاء بوم ارض النت'!$G:$G,"<>",'علاء بوم ارض النت'!$F:$F,"")) | F25: =IF($A25="","",SUMIFS('كيمو ميت ابو خالد'!$D:$D,'كيمو ميت ابو خالد'!$C:$C,$A25,'كيمو ميت ابو خالد'!$F:$F,"<>")-SUMIFS('كيمو ميت ابو خالد'!$D:$D,'كيمو ميت ابو خالد'!$C:$C,$A25,'كيمو ميت ابو خالد'!$G:$G,"<>",'كيمو ميت ابو خالد'!$F:$F,"")) | G25: =IF($A25="","",SUMIFS(KAZO!$D:$D,KAZO!$C:$C,$A25,KAZO!$F:$F,"<>")-SUMIFS(KAZO!$D:$D,KAZO!$C:$C,$A25,KAZO!$G:$G,"<>",KAZO!$F:$F,"")) | H25: =IF($A25="","",SUMIFS(LAFY!$D:$D,LAFY!$C:$C,$A25,LAFY!$F:$F,"<>")-SUMIFS(LAFY!$D:$D,LAFY!$C:$C,$A25,LAFY!$G:$G,"<>",LAFY!$F:$F,"")) | I25: =IF($A25="","",SUMIFS('POINT زفتي (جديد)'!$D:$D,'POINT زفتي (جديد)'!$C:$C,$A25,'POINT زفتي (جديد)'!$F:$F,"<>")-SUMIFS('POINT زفتي (جديد)'!$D:$D,'POINT زفتي (جديد)'!$C:$C,$A25,'POINT زفتي (جديد)'!$G:$G,"<>",'POINT زفتي (جديد)'!$F:$F,"")) | J25: =IF($A25="","",SUMIFS('POINT سعد زغلول (قديم)'!$D:$D,'POINT سعد زغلول (قديم)'!$C:$C,$A25,'POINT سعد زغلول (قديم)'!$F:$F,"<>")-SUMIFS('POINT سعد زغلول (قديم)'!$D:$D,'POINT سعد زغلول (قديم)'!$C:$C,$A25,'POINT سعد زغلول (قديم)'!$G:$G,"<>",'POINT سعد زغلول (قديم)'!$F:$F,"")) | K25: =IF($A25="","",SUMIFS('POWER ارض النت'!$D:$D,'POWER ارض النت'!$C:$C,$A25,'POWER ارض النت'!$F:$F,"<>")-SUMIFS('POWER ارض النت'!$D:$D,'POWER ارض النت'!$C:$C,$A25,'POWER ارض النت'!$G:$G,"<>",'POWER ارض النت'!$F:$F,"")) | L25: =IF($A25="","",SUMIFS('POWER زفتي'!$D:$D,'POWER زفتي'!$C:$C,$A25,'POWER زفتي'!$F:$F,"<>")-SUMIFS('POWER زفتي'!$D:$D,'POWER زفتي'!$C:$C,$A25,'POWER زفتي'!$G:$G,"<>",'POWER زفتي'!$F:$F,"")) | M25: =IF($A25="","",SUMIFS('احمد المنوفي'!$D:$D,'احمد المنوفي'!$C:$C,$A25,'احمد المنوفي'!$F:$F,"<>")-SUMIFS('احمد المنوفي'!$D:$D,'احمد المنوفي'!$C:$C,$A25,'احمد المنوفي'!$G:$G,"<>",'احمد المنوفي'!$F:$F,"")) | N25: =IF($A25="","",SUMIFS(السفير!$D:$D,السفير!$C:$C,$A25,السفير!$F:$F,"<>")-SUMIFS(السفير!$D:$D,السفير!$C:$C,$A25,السفير!$G:$G,"<>",السفير!$F:$F,"")) | O25: =IF($A25="","",SUMIFS(العالمي!$D:$D,العالمي!$C:$C,$A25,العالمي!$F:$F,"<>")-SUMIFS(العالمي!$D:$D,العالمي!$C:$C,$A25,العالمي!$G:$G,"<>",العالمي!$F:$F,"")) | P25: =IF($A25="","",SUMIFS('باهي التركي'!$D:$D,'باهي التركي'!$C:$C,$A25,'باهي التركي'!$F:$F,"<>")-SUMIFS('باهي التركي'!$D:$D,'باهي التركي'!$C:$C,$A25,'باهي التركي'!$G:$G,"<>",'باهي التركي'!$F:$F,"")) | Q25: =IF($A25="","",SUMIFS('توتي دماص'!$D:$D,'توتي دماص'!$C:$C,$A25,'توتي دماص'!$F:$F,"<>")-SUMIFS('توتي دماص'!$D:$D,'توتي دماص'!$C:$C,$A25,'توتي دماص'!$G:$G,"<>",'توتي دماص'!$F:$F,"")) | R25: =IF($A25="","",SUMIFS('رضا محمد'!$D:$D,'رضا محمد'!$C:$C,$A25,'رضا محمد'!$F:$F,"<>")-SUMIFS('رضا محمد'!$D:$D,'رضا محمد'!$C:$C,$A25,'رضا محمد'!$G:$G,"<>",'رضا محمد'!$F:$F,"")) | S25: =IF($A25="","",SUMIFS('زومبي العشري'!$D:$D,'زومبي العشري'!$C:$C,$A25,'زومبي العشري'!$F:$F,"<>")-SUMIFS('زومبي العشري'!$D:$D,'زومبي العشري'!$C:$C,$A25,'زومبي العشري'!$G:$G,"<>",'زومبي العشري'!$F:$F,"")) | T25: =IF($A25="","",SUMIFS('محمد عرابي'!$D:$D,'محمد عرابي'!$C:$C,$A25,'محمد عرابي'!$F:$F,"<>")-SUMIFS('محمد عرابي'!$D:$D,'محمد عرابي'!$C:$C,$A25,'محمد عرابي'!$G:$G,"<>",'محمد عرابي'!$F:$F,"")) | U25: =IF($A25="","",SUMIFS('عم جمال'!$D:$D,'عم جمال'!$C:$C,$A25,'عم جمال'!$F:$F,"<>")-SUMIFS('عم جمال'!$D:$D,'عم جمال'!$C:$C,$A25,'عم جمال'!$G:$G,"<>",'عم جمال'!$F:$F,"")) | V25: =IF($A25="","",SUMIFS('فاير سيليكت'!$D:$D,'فاير سيليكت'!$C:$C,$A25,'فاير سيليكت'!$F:$F,"<>")-SUMIFS('فاير سيليكت'!$D:$D,'فاير سيليكت'!$C:$C,$A25,'فاير سيليكت'!$G:$G,"<>",'فاير سيليكت'!$F:$F,"")) | W25: =IF($A25="","",SUMIFS(فرانكو!$D:$D,فرانكو!$C:$C,$A25,فرانكو!$F:$F,"<>")-SUMIFS(فرانكو!$D:$D,فرانكو!$C:$C,$A25,فرانكو!$G:$G,"<>",فرانكو!$F:$F,"")) | X25: =IF($A25="","",SUMIFS('كريم بكر'!$D:$D,'كريم بكر'!$C:$C,$A25,'كريم بكر'!$F:$F,"<>")-SUMIFS('كريم بكر'!$D:$D,'كريم بكر'!$C:$C,$A25,'كريم بكر'!$G:$G,"<>",'كريم بكر'!$F:$F,"")) | Y25: =IF($A25="","",SUMIFS(بفرا!$D:$D,بفرا!$C:$C,$A25,بفرا!$F:$F,"<>")-SUMIFS(بفرا!$D:$D,بفرا!$C:$C,$A25,بفرا!$G:$G,"<>",بفرا!$F:$F,"")) | Z25: =IF($A25="","",SUMIFS('محل كوم النور'!$D:$D,'محل كوم النور'!$C:$C,$A25,'محل كوم النور'!$F:$F,"<>")-SUMIFS('محل كوم النور'!$D:$D,'محل كوم النور'!$C:$C,$A25,'محل كوم النور'!$G:$G,"<>",'محل كوم النور'!$F:$F,"")) | AA25: =IF($A25="","",SUMIFS('محمد النجار'!$D:$D,'محمد النجار'!$C:$C,$A25,'محمد النجار'!$F:$F,"<>")-SUMIFS('محمد النجار'!$D:$D,'محمد النجار'!$C:$C,$A25,'محمد النجار'!$G:$G,"<>",'محمد النجار'!$F:$F,"")) | AB25: =IF($A25="","",SUMIFS('محمود عبدالرسول'!$D:$D,'محمود عبدالرسول'!$C:$C,$A25,'محمود عبدالرسول'!$F:$F,"<>")-SUMIFS('محمود عبدالرسول'!$D:$D,'محمود عبدالرسول'!$C:$C,$A25,'محمود عبدالرسول'!$G:$G,"<>",'محمود عبدالرسول'!$F:$F,"")) | AC25: =IF($A25="","",SUMIFS('مول المصطفي'!$D:$D,'مول المصطفي'!$C:$C,$A25,'مول المصطفي'!$F:$F,"<>")-SUMIFS('مول المصطفي'!$D:$D,'مول المصطفي'!$C:$C,$A25,'مول المصطفي'!$G:$G,"<>",'مول المصطفي'!$F:$F,"")) | AD25: =IF($A25="","",SUMIFS(مصانع!$D:$D,مصانع!$C:$C,$A25,مصانع!$F:$F,"<>")-SUMIFS(مصانع!$D:$D,مصانع!$C:$C,$A25,مصانع!$G:$G,"<>",مصانع!$F:$F,"")) | AE25: =IF($A25="","",SUM(B25:AD25)) | AH25: =IF(OR($A25="",AG25=""),"",AG25-AE25) | AJ25: =IF(OR($A25="",AH25=""),"",AH25*AI25)
B26: =IF($A26="","",SUMIFS('4K حموده'!$D:$D,'4K حموده'!$C:$C,$A26,'4K حموده'!$F:$F,"<>")-SUMIFS('4K حموده'!$D:$D,'4K حموده'!$C:$C,$A26,'4K حموده'!$G:$G,"<>",'4K حموده'!$F:$F,"")) | C26: =IF($A26="","",SUMIFS('مكتب القاضي'!$D:$D,'مكتب القاضي'!$C:$C,$A26,'مكتب القاضي'!$F:$F,"<>")-SUMIFS('مكتب القاضي'!$D:$D,'مكتب القاضي'!$C:$C,$A26,'مكتب القاضي'!$G:$G,"<>",'مكتب القاضي'!$F:$F,"")) | D26: =IF($A26="","",SUMIFS(الاتشو!$D:$D,الاتشو!$C:$C,$A26,الاتشو!$F:$F,"<>")-SUMIFS(الاتشو!$D:$D,الاتشو!$C:$C,$A26,الاتشو!$G:$G,"<>",الاتشو!$F:$F,"")) | E26: =IF($A26="","",SUMIFS('علاء بوم ارض النت'!$D:$D,'علاء بوم ارض النت'!$C:$C,$A26,'علاء بوم ارض النت'!$F:$F,"<>")-SUMIFS('علاء بوم ارض النت'!$D:$D,'علاء بوم ارض النت'!$C:$C,$A26,'علاء بوم ارض النت'!$G:$G,"<>",'علاء بوم ارض النت'!$F:$F,"")) | F26: =IF($A26="","",SUMIFS('كيمو ميت ابو خالد'!$D:$D,'كيمو ميت ابو خالد'!$C:$C,$A26,'كيمو ميت ابو خالد'!$F:$F,"<>")-SUMIFS('كيمو ميت ابو خالد'!$D:$D,'كيمو ميت ابو خالد'!$C:$C,$A26,'كيمو ميت ابو خالد'!$G:$G,"<>",'كيمو ميت ابو خالد'!$F:$F,"")) | G26: =IF($A26="","",SUMIFS(KAZO!$D:$D,KAZO!$C:$C,$A26,KAZO!$F:$F,"<>")-SUMIFS(KAZO!$D:$D,KAZO!$C:$C,$A26,KAZO!$G:$G,"<>",KAZO!$F:$F,"")) | H26: =IF($A26="","",SUMIFS(LAFY!$D:$D,LAFY!$C:$C,$A26,LAFY!$F:$F,"<>")-SUMIFS(LAFY!$D:$D,LAFY!$C:$C,$A26,LAFY!$G:$G,"<>",LAFY!$F:$F,"")) | I26: =IF($A26="","",SUMIFS('POINT زفتي (جديد)'!$D:$D,'POINT زفتي (جديد)'!$C:$C,$A26,'POINT زفتي (جديد)'!$F:$F,"<>")-SUMIFS('POINT زفتي (جديد)'!$D:$D,'POINT زفتي (جديد)'!$C:$C,$A26,'POINT زفتي (جديد)'!$G:$G,"<>",'POINT زفتي (جديد)'!$F:$F,"")) | J26: =IF($A26="","",SUMIFS('POINT سعد زغلول (قديم)'!$D:$D,'POINT سعد زغلول (قديم)'!$C:$C,$A26,'POINT سعد زغلول (قديم)'!$F:$F,"<>")-SUMIFS('POINT سعد زغلول (قديم)'!$D:$D,'POINT سعد زغلول (قديم)'!$C:$C,$A26,'POINT سعد زغلول (قديم)'!$G:$G,"<>",'POINT سعد زغلول (قديم)'!$F:$F,"")) | K26: =IF($A26="","",SUMIFS('POWER ارض النت'!$D:$D,'POWER ارض النت'!$C:$C,$A26,'POWER ارض النت'!$F:$F,"<>")-SUMIFS('POWER ارض النت'!$D:$D,'POWER ارض النت'!$C:$C,$A26,'POWER ارض النت'!$G:$G,"<>",'POWER ارض النت'!$F:$F,"")) | L26: =IF($A26="","",SUMIFS('POWER زفتي'!$D:$D,'POWER زفتي'!$C:$C,$A26,'POWER زفتي'!$F:$F,"<>")-SUMIFS('POWER زفتي'!$D:$D,'POWER زفتي'!$C:$C,$A26,'POWER زفتي'!$G:$G,"<>",'POWER زفتي'!$F:$F,"")) | M26: =IF($A26="","",SUMIFS('احمد المنوفي'!$D:$D,'احمد المنوفي'!$C:$C,$A26,'احمد المنوفي'!$F:$F,"<>")-SUMIFS('احمد المنوفي'!$D:$D,'احمد المنوفي'!$C:$C,$A26,'احمد المنوفي'!$G:$G,"<>",'احمد المنوفي'!$F:$F,"")) | N26: =IF($A26="","",SUMIFS(السفير!$D:$D,السفير!$C:$C,$A26,السفير!$F:$F,"<>")-SUMIFS(السفير!$D:$D,السفير!$C:$C,$A26,السفير!$G:$G,"<>",السفير!$F:$F,"")) | O26: =IF($A26="","",SUMIFS(العالمي!$D:$D,العالمي!$C:$C,$A26,العالمي!$F:$F,"<>")-SUMIFS(العالمي!$D:$D,العالمي!$C:$C,$A26,العالمي!$G:$G,"<>",العالمي!$F:$F,"")) | P26: =IF($A26="","",SUMIFS('باهي التركي'!$D:$D,'باهي التركي'!$C:$C,$A26,'باهي التركي'!$F:$F,"<>")-SUMIFS('باهي التركي'!$D:$D,'باهي التركي'!$C:$C,$A26,'باهي التركي'!$G:$G,"<>",'باهي التركي'!$F:$F,"")) | Q26: =IF($A26="","",SUMIFS('توتي دماص'!$D:$D,'توتي دماص'!$C:$C,$A26,'توتي دماص'!$F:$F,"<>")-SUMIFS('توتي دماص'!$D:$D,'توتي دماص'!$C:$C,$A26,'توتي دماص'!$G:$G,"<>",'توتي دماص'!$F:$F,"")) | R26: =IF($A26="","",SUMIFS('رضا محمد'!$D:$D,'رضا محمد'!$C:$C,$A26,'رضا محمد'!$F:$F,"<>")-SUMIFS('رضا محمد'!$D:$D,'رضا محمد'!$C:$C,$A26,'رضا محمد'!$G:$G,"<>",'رضا محمد'!$F:$F,"")) | S26: =IF($A26="","",SUMIFS('زومبي العشري'!$D:$D,'زومبي العشري'!$C:$C,$A26,'زومبي العشري'!$F:$F,"<>")-SUMIFS('زومبي العشري'!$D:$D,'زومبي العشري'!$C:$C,$A26,'زومبي العشري'!$G:$G,"<>",'زومبي العشري'!$F:$F,"")) | T26: =IF($A26="","",SUMIFS('محمد عرابي'!$D:$D,'محمد عرابي'!$C:$C,$A26,'محمد عرابي'!$F:$F,"<>")-SUMIFS('محمد عرابي'!$D:$D,'محمد عرابي'!$C:$C,$A26,'محمد عرابي'!$G:$G,"<>",'محمد عرابي'!$F:$F,"")) | U26: =IF($A26="","",SUMIFS('عم جمال'!$D:$D,'عم جمال'!$C:$C,$A26,'عم جمال'!$F:$F,"<>")-SUMIFS('عم جمال'!$D:$D,'عم جمال'!$C:$C,$A26,'عم جمال'!$G:$G,"<>",'عم جمال'!$F:$F,"")) | V26: =IF($A26="","",SUMIFS('فاير سيليكت'!$D:$D,'فاير سيليكت'!$C:$C,$A26,'فاير سيليكت'!$F:$F,"<>")-SUMIFS('فاير سيليكت'!$D:$D,'فاير سيليكت'!$C:$C,$A26,'فاير سيليكت'!$G:$G,"<>",'فاير سيليكت'!$F:$F,"")) | W26: =IF($A26="","",SUMIFS(فرانكو!$D:$D,فرانكو!$C:$C,$A26,فرانكو!$F:$F,"<>")-SUMIFS(فرانكو!$D:$D,فرانكو!$C:$C,$A26,فرانكو!$G:$G,"<>",فرانكو!$F:$F,"")) | X26: =IF($A26="","",SUMIFS('كريم بكر'!$D:$D,'كريم بكر'!$C:$C,$A26,'كريم بكر'!$F:$F,"<>")-SUMIFS('كريم بكر'!$D:$D,'كريم بكر'!$C:$C,$A26,'كريم بكر'!$G:$G,"<>",'كريم بكر'!$F:$F,"")) | Y26: =IF($A26="","",SUMIFS(بفرا!$D:$D,بفرا!$C:$C,$A26,بفرا!$F:$F,"<>")-SUMIFS(بفرا!$D:$D,بفرا!$C:$C,$A26,بفرا!$G:$G,"<>",بفرا!$F:$F,"")) | Z26: =IF($A26="","",SUMIFS('محل كوم النور'!$D:$D,'محل كوم النور'!$C:$C,$A26,'محل كوم النور'!$F:$F,"<>")-SUMIFS('محل كوم النور'!$D:$D,'محل كوم النور'!$C:$C,$A26,'محل كوم النور'!$G:$G,"<>",'محل كوم النور'!$F:$F,"")) | AA26: =IF($A26="","",SUMIFS('محمد النجار'!$D:$D,'محمد النجار'!$C:$C,$A26,'محمد النجار'!$F:$F,"<>")-SUMIFS('محمد النجار'!$D:$D,'محمد النجار'!$C:$C,$A26,'محمد النجار'!$G:$G,"<>",'محمد النجار'!$F:$F,"")) | AB26: =IF($A26="","",SUMIFS('محمود عبدالرسول'!$D:$D,'محمود عبدالرسول'!$C:$C,$A26,'محمود عبدالرسول'!$F:$F,"<>")-SUMIFS('محمود عبدالرسول'!$D:$D,'محمود عبدالرسول'!$C:$C,$A26,'محمود عبدالرسول'!$G:$G,"<>",'محمود عبدالرسول'!$F:$F,"")) | AC26: =IF($A26="","",SUMIFS('مول المصطفي'!$D:$D,'مول المصطفي'!$C:$C,$A26,'مول المصطفي'!$F:$F,"<>")-SUMIFS('مول المصطفي'!$D:$D,'مول المصطفي'!$C:$C,$A26,'مول المصطفي'!$G:$G,"<>",'مول المصطفي'!$F:$F,"")) | AD26: =IF($A26="","",SUMIFS(مصانع!$D:$D,مصانع!$C:$C,$A26,مصانع!$F:$F,"<>")-SUMIFS(مصانع!$D:$D,مصانع!$C:$C,$A26,مصانع!$G:$G,"<>",مصانع!$F:$F,"")) | AE26: =IF($A26="","",SUM(B26:AD26)) | AH26: =IF(OR($A26="",AG26=""),"",AG26-AE26) | AJ26: =IF(OR($A26="",AH26=""),"",AH26*AI26)
B27: =IF($A27="","",SUMIFS('4K حموده'!$D:$D,'4K حموده'!$C:$C,$A27,'4K حموده'!$F:$F,"<>")-SUMIFS('4K حموده'!$D:$D,'4K حموده'!$C:$C,$A27,'4K حموده'!$G:$G,"<>",'4K حموده'!$F:$F,"")) | C27: =IF($A27="","",SUMIFS('مكتب القاضي'!$D:$D,'مكتب القاضي'!$C:$C,$A27,'مكتب القاضي'!$F:$F,"<>")-SUMIFS('مكتب القاضي'!$D:$D,'مكتب القاضي'!$C:$C,$A27,'مكتب القاضي'!$G:$G,"<>",'مكتب القاضي'!$F:$F,"")) | D27: =IF($A27="","",SUMIFS(الاتشو!$D:$D,الاتشو!$C:$C,$A27,الاتشو!$F:$F,"<>")-SUMIFS(الاتشو!$D:$D,الاتشو!$C:$C,$A27,الاتشو!$G:$G,"<>",الاتشو!$F:$F,"")) | E27: =IF($A27="","",SUMIFS('علاء بوم ارض النت'!$D:$D,'علاء بوم ارض النت'!$C:$C,$A27,'علاء بوم ارض النت'!$F:$F,"<>")-SUMIFS('علاء بوم ارض النت'!$D:$D,'علاء بوم ارض النت'!$C:$C,$A27,'علاء بوم ارض النت'!$G:$G,"<>",'علاء بوم ارض النت'!$F:$F,"")) | F27: =IF($A27="","",SUMIFS('كيمو ميت ابو خالد'!$D:$D,'كيمو ميت ابو خالد'!$C:$C,$A27,'كيمو ميت ابو خالد'!$F:$F,"<>")-SUMIFS('كيمو ميت ابو خالد'!$D:$D,'كيمو ميت ابو خالد'!$C:$C,$A27,'كيمو ميت ابو خالد'!$G:$G,"<>",'كيمو ميت ابو خالد'!$F:$F,"")) | G27: =IF($A27="","",SUMIFS(KAZO!$D:$D,KAZO!$C:$C,$A27,KAZO!$F:$F,"<>")-SUMIFS(KAZO!$D:$D,KAZO!$C:$C,$A27,KAZO!$G:$G,"<>",KAZO!$F:$F,"")) | H27: =IF($A27="","",SUMIFS(LAFY!$D:$D,LAFY!$C:$C,$A27,LAFY!$F:$F,"<>")-SUMIFS(LAFY!$D:$D,LAFY!$C:$C,$A27,LAFY!$G:$G,"<>",LAFY!$F:$F,"")) | I27: =IF($A27="","",SUMIFS('POINT زفتي (جديد)'!$D:$D,'POINT زفتي (جديد)'!$C:$C,$A27,'POINT زفتي (جديد)'!$F:$F,"<>")-SUMIFS('POINT زفتي (جديد)'!$D:$D,'POINT زفتي (جديد)'!$C:$C,$A27,'POINT زفتي (جديد)'!$G:$G,"<>",'POINT زفتي (جديد)'!$F:$F,"")) | J27: =IF($A27="","",SUMIFS('POINT سعد زغلول (قديم)'!$D:$D,'POINT سعد زغلول (قديم)'!$C:$C,$A27,'POINT سعد زغلول (قديم)'!$F:$F,"<>")-SUMIFS('POINT سعد زغلول (قديم)'!$D:$D,'POINT سعد زغلول (قديم)'!$C:$C,$A27,'POINT سعد زغلول (قديم)'!$G:$G,"<>",'POINT سعد زغلول (قديم)'!$F:$F,"")) | K27: =IF($A27="","",SUMIFS('POWER ارض النت'!$D:$D,'POWER ارض النت'!$C:$C,$A27,'POWER ارض النت'!$F:$F,"<>")-SUMIFS('POWER ارض النت'!$D:$D,'POWER ارض النت'!$C:$C,$A27,'POWER ارض النت'!$G:$G,"<>",'POWER ارض النت'!$F:$F,"")) | L27: =IF($A27="","",SUMIFS('POWER زفتي'!$D:$D,'POWER زفتي'!$C:$C,$A27,'POWER زفتي'!$F:$F,"<>")-SUMIFS('POWER زفتي'!$D:$D,'POWER زفتي'!$C:$C,$A27,'POWER زفتي'!$G:$G,"<>",'POWER زفتي'!$F:$F,"")) | M27: =IF($A27="","",SUMIFS('احمد المنوفي'!$D:$D,'احمد المنوفي'!$C:$C,$A27,'احمد المنوفي'!$F:$F,"<>")-SUMIFS('احمد المنوفي'!$D:$D,'احمد المنوفي'!$C:$C,$A27,'احمد المنوفي'!$G:$G,"<>",'احمد المنوفي'!$F:$F,"")) | N27: =IF($A27="","",SUMIFS(السفير!$D:$D,السفير!$C:$C,$A27,السفير!$F:$F,"<>")-SUMIFS(السفير!$D:$D,السفير!$C:$C,$A27,السفير!$G:$G,"<>",السفير!$F:$F,"")) | O27: =IF($A27="","",SUMIFS(العالمي!$D:$D,العالمي!$C:$C,$A27,العالمي!$F:$F,"<>")-SUMIFS(العالمي!$D:$D,العالمي!$C:$C,$A27,العالمي!$G:$G,"<>",العالمي!$F:$F,"")) | P27: =IF($A27="","",SUMIFS('باهي التركي'!$D:$D,'باهي التركي'!$C:$C,$A27,'باهي التركي'!$F:$F,"<>")-SUMIFS('باهي التركي'!$D:$D,'باهي التركي'!$C:$C,$A27,'باهي التركي'!$G:$G,"<>",'باهي التركي'!$F:$F,"")) | Q27: =IF($A27="","",SUMIFS('توتي دماص'!$D:$D,'توتي دماص'!$C:$C,$A27,'توتي دماص'!$F:$F,"<>")-SUMIFS('توتي دماص'!$D:$D,'توتي دماص'!$C:$C,$A27,'توتي دماص'!$G:$G,"<>",'توتي دماص'!$F:$F,"")) | R27: =IF($A27="","",SUMIFS('رضا محمد'!$D:$D,'رضا محمد'!$C:$C,$A27,'رضا محمد'!$F:$F,"<>")-SUMIFS('رضا محمد'!$D:$D,'رضا محمد'!$C:$C,$A27,'رضا محمد'!$G:$G,"<>",'رضا محمد'!$F:$F,"")) | S27: =IF($A27="","",SUMIFS('زومبي العشري'!$D:$D,'زومبي العشري'!$C:$C,$A27,'زومبي العشري'!$F:$F,"<>")-SUMIFS('زومبي العشري'!$D:$D,'زومبي العشري'!$C:$C,$A27,'زومبي العشري'!$G:$G,"<>",'زومبي العشري'!$F:$F,"")) | T27: =IF($A27="","",SUMIFS('محمد عرابي'!$D:$D,'محمد عرابي'!$C:$C,$A27,'محمد عرابي'!$F:$F,"<>")-SUMIFS('محمد عرابي'!$D:$D,'محمد عرابي'!$C:$C,$A27,'محمد عرابي'!$G:$G,"<>",'محمد عرابي'!$F:$F,"")) | U27: =IF($A27="","",SUMIFS('عم جمال'!$D:$D,'عم جمال'!$C:$C,$A27,'عم جمال'!$F:$F,"<>")-SUMIFS('عم جمال'!$D:$D,'عم جمال'!$C:$C,$A27,'عم جمال'!$G:$G,"<>",'عم جمال'!$F:$F,"")) | V27: =IF($A27="","",SUMIFS('فاير سيليكت'!$D:$D,'فاير سيليكت'!$C:$C,$A27,'فاير سيليكت'!$F:$F,"<>")-SUMIFS('فاير سيليكت'!$D:$D,'فاير سيليكت'!$C:$C,$A27,'فاير سيليكت'!$G:$G,"<>",'فاير سيليكت'!$F:$F,"")) | W27: =IF($A27="","",SUMIFS(فرانكو!$D:$D,فرانكو!$C:$C,$A27,فرانكو!$F:$F,"<>")-SUMIFS(فرانكو!$D:$D,فرانكو!$C:$C,$A27,فرانكو!$G:$G,"<>",فرانكو!$F:$F,"")) | X27: =IF($A27="","",SUMIFS('كريم بكر'!$D:$D,'كريم بكر'!$C:$C,$A27,'كريم بكر'!$F:$F,"<>")-SUMIFS('كريم بكر'!$D:$D,'كريم بكر'!$C:$C,$A27,'كريم بكر'!$G:$G,"<>",'كريم بكر'!$F:$F,"")) | Y27: =IF($A27="","",SUMIFS(بفرا!$D:$D,بفرا!$C:$C,$A27,بفرا!$F:$F,"<>")-SUMIFS(بفرا!$D:$D,بفرا!$C:$C,$A27,بفرا!$G:$G,"<>",بفرا!$F:$F,"")) | Z27: =IF($A27="","",SUMIFS('محل كوم النور'!$D:$D,'محل كوم النور'!$C:$C,$A27,'محل كوم النور'!$F:$F,"<>")-SUMIFS('محل كوم النور'!$D:$D,'محل كوم النور'!$C:$C,$A27,'محل كوم النور'!$G:$G,"<>",'محل كوم النور'!$F:$F,"")) | AA27: =IF($A27="","",SUMIFS('محمد النجار'!$D:$D,'محمد النجار'!$C:$C,$A27,'محمد النجار'!$F:$F,"<>")-SUMIFS('محمد النجار'!$D:$D,'محمد النجار'!$C:$C,$A27,'محمد النجار'!$G:$G,"<>",'محمد النجار'!$F:$F,"")) | AB27: =IF($A27="","",SUMIFS('محمود عبدالرسول'!$D:$D,'محمود عبدالرسول'!$C:$C,$A27,'محمود عبدالرسول'!$F:$F,"<>")-SUMIFS('محمود عبدالرسول'!$D:$D,'محمود عبدالرسول'!$C:$C,$A27,'محمود عبدالرسول'!$G:$G,"<>",'محمود عبدالرسول'!$F:$F,"")) | AC27: =IF($A27="","",SUMIFS('مول المصطفي'!$D:$D,'مول المصطفي'!$C:$C,$A27,'مول المصطفي'!$F:$F,"<>")-SUMIFS('مول المصطفي'!$D:$D,'مول المصطفي'!$C:$C,$A27,'مول المصطفي'!$G:$G,"<>",'مول المصطفي'!$F:$F,"")) | AD27: =IF($A27="","",SUMIFS(مصانع!$D:$D,مصانع!$C:$C,$A27,مصانع!$F:$F,"<>")-SUMIFS(مصانع!$D:$D,مصانع!$C:$C,$A27,مصانع!$G:$G,"<>",مصانع!$F:$F,"")) | AE27: =IF($A27="","",SUM(B27:AD27)) | AH27: =IF(OR($A27="",AG27=""),"",AG27-AE27) | AJ27: =IF(OR($A27="",AH27=""),"",AH27*AI27)
B28: =IF($A28="","",SUMIFS('4K حموده'!$D:$D,'4K حموده'!$C:$C,$A28,'4K حموده'!$F:$F,"<>")-SUMIFS('4K حموده'!$D:$D,'4K حموده'!$C:$C,$A28,'4K حموده'!$G:$G,"<>",'4K حموده'!$F:$F,"")) | C28: =IF($A28="","",SUMIFS('مكتب القاضي'!$D:$D,'مكتب القاضي'!$C:$C,$A28,'مكتب القاضي'!$F:$F,"<>")-SUMIFS('مكتب القاضي'!$D:$D,'مكتب القاضي'!$C:$C,$A28,'مكتب القاضي'!$G:$G,"<>",'مكتب القاضي'!$F:$F,"")) | D28: =IF($A28="","",SUMIFS(الاتشو!$D:$D,الاتشو!$C:$C,$A28,الاتشو!$F:$F,"<>")-SUMIFS(الاتشو!$D:$D,الاتشو!$C:$C,$A28,الاتشو!$G:$G,"<>",الاتشو!$F:$F,"")) | E28: =IF($A28="","",SUMIFS('علاء بوم ارض النت'!$D:$D,'علاء بوم ارض النت'!$C:$C,$A28,'علاء بوم ارض النت'!$F:$F,"<>")-SUMIFS('علاء بوم ارض النت'!$D:$D,'علاء بوم ارض النت'!$C:$C,$A28,'علاء بوم ارض النت'!$G:$G,"<>",'علاء بوم ارض النت'!$F:$F,"")) | F28: =IF($A28="","",SUMIFS('كيمو ميت ابو خالد'!$D:$D,'كيمو ميت ابو خالد'!$C:$C,$A28,'كيمو ميت ابو خالد'!$F:$F,"<>")-SUMIFS('كيمو ميت ابو خالد'!$D:$D,'كيمو ميت ابو خالد'!$C:$C,$A28,'كيمو ميت ابو خالد'!$G:$G,"<>",'كيمو ميت ابو خالد'!$F:$F,"")) | G28: =IF($A28="","",SUMIFS(KAZO!$D:$D,KAZO!$C:$C,$A28,KAZO!$F:$F,"<>")-SUMIFS(KAZO!$D:$D,KAZO!$C:$C,$A28,KAZO!$G:$G,"<>",KAZO!$F:$F,"")) | H28: =IF($A28="","",SUMIFS(LAFY!$D:$D,LAFY!$C:$C,$A28,LAFY!$F:$F,"<>")-SUMIFS(LAFY!$D:$D,LAFY!$C:$C,$A28,LAFY!$G:$G,"<>",LAFY!$F:$F,"")) | I28: =IF($A28="","",SUMIFS('POINT زفتي (جديد)'!$D:$D,'POINT زفتي (جديد)'!$C:$C,$A28,'POINT زفتي (جديد)'!$F:$F,"<>")-SUMIFS('POINT زفتي (جديد)'!$D:$D,'POINT زفتي (جديد)'!$C:$C,$A28,'POINT زفتي (جديد)'!$G:$G,"<>",'POINT زفتي (جديد)'!$F:$F,"")) | J28: =IF($A28="","",SUMIFS('POINT سعد زغلول (قديم)'!$D:$D,'POINT سعد زغلول (قديم)'!$C:$C,$A28,'POINT سعد زغلول (قديم)'!$F:$F,"<>")-SUMIFS('POINT سعد زغلول (قديم)'!$D:$D,'POINT سعد زغلول (قديم)'!$C:$C,$A28,'POINT سعد زغلول (قديم)'!$G:$G,"<>",'POINT سعد زغلول (قديم)'!$F:$F,"")) | K28: =IF($A28="","",SUMIFS('POWER ارض النت'!$D:$D,'POWER ارض النت'!$C:$C,$A28,'POWER ارض النت'!$F:$F,"<>")-SUMIFS('POWER ارض النت'!$D:$D,'POWER ارض النت'!$C:$C,$A28,'POWER ارض النت'!$G:$G,"<>",'POWER ارض النت'!$F:$F,"")) | L28: =IF($A28="","",SUMIFS('POWER زفتي'!$D:$D,'POWER زفتي'!$C:$C,$A28,'POWER زفتي'!$F:$F,"<>")-SUMIFS('POWER زفتي'!$D:$D,'POWER زفتي'!$C:$C,$A28,'POWER زفتي'!$G:$G,"<>",'POWER زفتي'!$F:$F,"")) | M28: =IF($A28="","",SUMIFS('احمد المنوفي'!$D:$D,'احمد المنوفي'!$C:$C,$A28,'احمد المنوفي'!$F:$F,"<>")-SUMIFS('احمد المنوفي'!$D:$D,'احمد المنوفي'!$C:$C,$A28,'احمد المنوفي'!$G:$G,"<>",'احمد المنوفي'!$F:$F,"")) | N28: =IF($A28="","",SUMIFS(السفير!$D:$D,السفير!$C:$C,$A28,السفير!$F:$F,"<>")-SUMIFS(السفير!$D:$D,السفير!$C:$C,$A28,السفير!$G:$G,"<>",السفير!$F:$F,"")) | O28: =IF($A28="","",SUMIFS(العالمي!$D:$D,العالمي!$C:$C,$A28,العالمي!$F:$F,"<>")-SUMIFS(العالمي!$D:$D,العالمي!$C:$C,$A28,العالمي!$G:$G,"<>",العالمي!$F:$F,"")) | P28: =IF($A28="","",SUMIFS('باهي التركي'!$D:$D,'باهي التركي'!$C:$C,$A28,'باهي التركي'!$F:$F,"<>")-SUMIFS('باهي التركي'!$D:$D,'باهي التركي'!$C:$C,$A28,'باهي التركي'!$G:$G,"<>",'باهي التركي'!$F:$F,"")) | Q28: =IF($A28="","",SUMIFS('توتي دماص'!$D:$D,'توتي دماص'!$C:$C,$A28,'توتي دماص'!$F:$F,"<>")-SUMIFS('توتي دماص'!$D:$D,'توتي دماص'!$C:$C,$A28,'توتي دماص'!$G:$G,"<>",'توتي دماص'!$F:$F,"")) | R28: =IF($A28="","",SUMIFS('رضا محمد'!$D:$D,'رضا محمد'!$C:$C,$A28,'رضا محمد'!$F:$F,"<>")-SUMIFS('رضا محمد'!$D:$D,'رضا محمد'!$C:$C,$A28,'رضا محمد'!$G:$G,"<>",'رضا محمد'!$F:$F,"")) | S28: =IF($A28="","",SUMIFS('زومبي العشري'!$D:$D,'زومبي العشري'!$C:$C,$A28,'زومبي العشري'!$F:$F,"<>")-SUMIFS('زومبي العشري'!$D:$D,'زومبي العشري'!$C:$C,$A28,'زومبي العشري'!$G:$G,"<>",'زومبي العشري'!$F:$F,"")) | T28: =IF($A28="","",SUMIFS('محمد عرابي'!$D:$D,'محمد عرابي'!$C:$C,$A28,'محمد عرابي'!$F:$F,"<>")-SUMIFS('محمد عرابي'!$D:$D,'محمد عرابي'!$C:$C,$A28,'محمد عرابي'!$G:$G,"<>",'محمد عرابي'!$F:$F,"")) | U28: =IF($A28="","",SUMIFS('عم جمال'!$D:$D,'عم جمال'!$C:$C,$A28,'عم جمال'!$F:$F,"<>")-SUMIFS('عم جمال'!$D:$D,'عم جمال'!$C:$C,$A28,'عم جمال'!$G:$G,"<>",'عم جمال'!$F:$F,"")) | V28: =IF($A28="","",SUMIFS('فاير سيليكت'!$D:$D,'فاير سيليكت'!$C:$C,$A28,'فاير سيليكت'!$F:$F,"<>")-SUMIFS('فاير سيليكت'!$D:$D,'فاير سيليكت'!$C:$C,$A28,'فاير سيليكت'!$G:$G,"<>",'فاير سيليكت'!$F:$F,"")) | W28: =IF($A28="","",SUMIFS(فرانكو!$D:$D,فرانكو!$C:$C,$A28,فرانكو!$F:$F,"<>")-SUMIFS(فرانكو!$D:$D,فرانكو!$C:$C,$A28,فرانكو!$G:$G,"<>",فرانكو!$F:$F,"")) | X28: =IF($A28="","",SUMIFS('كريم بكر'!$D:$D,'كريم بكر'!$C:$C,$A28,'كريم بكر'!$F:$F,"<>")-SUMIFS('كريم بكر'!$D:$D,'كريم بكر'!$C:$C,$A28,'كريم بكر'!$G:$G,"<>",'كريم بكر'!$F:$F,"")) | Y28: =IF($A28="","",SUMIFS(بفرا!$D:$D,بفرا!$C:$C,$A28,بفرا!$F:$F,"<>")-SUMIFS(بفرا!$D:$D,بفرا!$C:$C,$A28,بفرا!$G:$G,"<>",بفرا!$F:$F,"")) | Z28: =IF($A28="","",SUMIFS('محل كوم النور'!$D:$D,'محل كوم النور'!$C:$C,$A28,'محل كوم النور'!$F:$F,"<>")-SUMIFS('محل كوم النور'!$D:$D,'محل كوم النور'!$C:$C,$A28,'محل كوم النور'!$G:$G,"<>",'محل كوم النور'!$F:$F,"")) | AA28: =IF($A28="","",SUMIFS('محمد النجار'!$D:$D,'محمد النجار'!$C:$C,$A28,'محمد النجار'!$F:$F,"<>")-SUMIFS('محمد النجار'!$D:$D,'محمد النجار'!$C:$C,$A28,'محمد النجار'!$G:$G,"<>",'محمد النجار'!$F:$F,"")) | AB28: =IF($A28="","",SUMIFS('محمود عبدالرسول'!$D:$D,'محمود عبدالرسول'!$C:$C,$A28,'محمود عبدالرسول'!$F:$F,"<>")-SUMIFS('محمود عبدالرسول'!$D:$D,'محمود عبدالرسول'!$C:$C,$A28,'محمود عبدالرسول'!$G:$G,"<>",'محمود عبدالرسول'!$F:$F,"")) | AC28: =IF($A28="","",SUMIFS('مول المصطفي'!$D:$D,'مول المصطفي'!$C:$C,$A28,'مول المصطفي'!$F:$F,"<>")-SUMIFS('مول المصطفي'!$D:$D,'مول المصطفي'!$C:$C,$A28,'مول المصطفي'!$G:$G,"<>",'مول المصطفي'!$F:$F,"")) | AD28: =IF($A28="","",SUMIFS(مصانع!$D:$D,مصانع!$C:$C,$A28,مصانع!$F:$F,"<>")-SUMIFS(مصانع!$D:$D,مصانع!$C:$C,$A28,مصانع!$G:$G,"<>",مصانع!$F:$F,"")) | AE28: =IF($A28="","",SUM(B28:AD28)) | AH28: =IF(OR($A28="",AG28=""),"",AG28-AE28) | AJ28: =IF(OR($A28="",AH28=""),"",AH28*AI28)
B29: =IF($A29="","",SUMIFS('4K حموده'!$D:$D,'4K حموده'!$C:$C,$A29,'4K حموده'!$F:$F,"<>")-SUMIFS('4K حموده'!$D:$D,'4K حموده'!$C:$C,$A29,'4K حموده'!$G:$G,"<>",'4K حموده'!$F:$F,"")) | C29: =IF($A29="","",SUMIFS('مكتب القاضي'!$D:$D,'مكتب القاضي'!$C:$C,$A29,'مكتب القاضي'!$F:$F,"<>")-SUMIFS('مكتب القاضي'!$D:$D,'مكتب القاضي'!$C:$C,$A29,'مكتب القاضي'!$G:$G,"<>",'مكتب القاضي'!$F:$F,"")) | D29: =IF($A29="","",SUMIFS(الاتشو!$D:$D,الاتشو!$C:$C,$A29,الاتشو!$F:$F,"<>")-SUMIFS(الاتشو!$D:$D,الاتشو!$C:$C,$A29,الاتشو!$G:$G,"<>",الاتشو!$F:$F,"")) | E29: =IF($A29="","",SUMIFS('علاء بوم ارض النت'!$D:$D,'علاء بوم ارض النت'!$C:$C,$A29,'علاء بوم ارض النت'!$F:$F,"<>")-SUMIFS('علاء بوم ارض النت'!$D:$D,'علاء بوم ارض النت'!$C:$C,$A29,'علاء بوم ارض النت'!$G:$G,"<>",'علاء بوم ارض النت'!$F:$F,"")) | F29: =IF($A29="","",SUMIFS('كيمو ميت ابو خالد'!$D:$D,'كيمو ميت ابو خالد'!$C:$C,$A29,'كيمو ميت ابو خالد'!$F:$F,"<>")-SUMIFS('كيمو ميت ابو خالد'!$D:$D,'كيمو ميت ابو خالد'!$C:$C,$A29,'كيمو ميت ابو خالد'!$G:$G,"<>",'كيمو ميت ابو خالد'!$F:$F,"")) | G29: =IF($A29="","",SUMIFS(KAZO!$D:$D,KAZO!$C:$C,$A29,KAZO!$F:$F,"<>")-SUMIFS(KAZO!$D:$D,KAZO!$C:$C,$A29,KAZO!$G:$G,"<>",KAZO!$F:$F,"")) | H29: =IF($A29="","",SUMIFS(LAFY!$D:$D,LAFY!$C:$C,$A29,LAFY!$F:$F,"<>")-SUMIFS(LAFY!$D:$D,LAFY!$C:$C,$A29,LAFY!$G:$G,"<>",LAFY!$F:$F,"")) | I29: =IF($A29="","",SUMIFS('POINT زفتي (جديد)'!$D:$D,'POINT زفتي (جديد)'!$C:$C,$A29,'POINT زفتي (جديد)'!$F:$F,"<>")-SUMIFS('POINT زفتي (جديد)'!$D:$D,'POINT زفتي (جديد)'!$C:$C,$A29,'POINT زفتي (جديد)'!$G:$G,"<>",'POINT زفتي (جديد)'!$F:$F,"")) | J29: =IF($A29="","",SUMIFS('POINT سعد زغلول (قديم)'!$D:$D,'POINT سعد زغلول (قديم)'!$C:$C,$A29,'POINT سعد زغلول (قديم)'!$F:$F,"<>")-SUMIFS('POINT سعد زغلول (قديم)'!$D:$D,'POINT سعد زغلول (قديم)'!$C:$C,$A29,'POINT سعد زغلول (قديم)'!$G:$G,"<>",'POINT سعد زغلول (قديم)'!$F:$F,"")) | K29: =IF($A29="","",SUMIFS('POWER ارض النت'!$D:$D,'POWER ارض النت'!$C:$C,$A29,'POWER ارض النت'!$F:$F,"<>")-SUMIFS('POWER ارض النت'!$D:$D,'POWER ارض النت'!$C:$C,$A29,'POWER ارض النت'!$G:$G,"<>",'POWER ارض النت'!$F:$F,"")) | L29: =IF($A29="","",SUMIFS('POWER زفتي'!$D:$D,'POWER زفتي'!$C:$C,$A29,'POWER زفتي'!$F:$F,"<>")-SUMIFS('POWER زفتي'!$D:$D,'POWER زفتي'!$C:$C,$A29,'POWER زفتي'!$G:$G,"<>",'POWER زفتي'!$F:$F,"")) | M29: =IF($A29="","",SUMIFS('احمد المنوفي'!$D:$D,'احمد المنوفي'!$C:$C,$A29,'احمد المنوفي'!$F:$F,"<>")-SUMIFS('احمد المنوفي'!$D:$D,'احمد المنوفي'!$C:$C,$A29,'احمد المنوفي'!$G:$G,"<>",'احمد المنوفي'!$F:$F,"")) | N29: =IF($A29="","",SUMIFS(السفير!$D:$D,السفير!$C:$C,$A29,السفير!$F:$F,"<>")-SUMIFS(السفير!$D:$D,السفير!$C:$C,$A29,السفير!$G:$G,"<>",السفير!$F:$F,"")) | O29: =IF($A29="","",SUMIFS(العالمي!$D:$D,العالمي!$C:$C,$A29,العالمي!$F:$F,"<>")-SUMIFS(العالمي!$D:$D,العالمي!$C:$C,$A29,العالمي!$G:$G,"<>",العالمي!$F:$F,"")) | P29: =IF($A29="","",SUMIFS('باهي التركي'!$D:$D,'باهي التركي'!$C:$C,$A29,'باهي التركي'!$F:$F,"<>")-SUMIFS('باهي التركي'!$D:$D,'باهي التركي'!$C:$C,$A29,'باهي التركي'!$G:$G,"<>",'باهي التركي'!$F:$F,"")) | Q29: =IF($A29="","",SUMIFS('توتي دماص'!$D:$D,'توتي دماص'!$C:$C,$A29,'توتي دماص'!$F:$F,"<>")-SUMIFS('توتي دماص'!$D:$D,'توتي دماص'!$C:$C,$A29,'توتي دماص'!$G:$G,"<>",'توتي دماص'!$F:$F,"")) | R29: =IF($A29="","",SUMIFS('رضا محمد'!$D:$D,'رضا محمد'!$C:$C,$A29,'رضا محمد'!$F:$F,"<>")-SUMIFS('رضا محمد'!$D:$D,'رضا محمد'!$C:$C,$A29,'رضا محمد'!$G:$G,"<>",'رضا محمد'!$F:$F,"")) | S29: =IF($A29="","",SUMIFS('زومبي العشري'!$D:$D,'زومبي العشري'!$C:$C,$A29,'زومبي العشري'!$F:$F,"<>")-SUMIFS('زومبي العشري'!$D:$D,'زومبي العشري'!$C:$C,$A29,'زومبي العشري'!$G:$G,"<>",'زومبي العشري'!$F:$F,"")) | T29: =IF($A29="","",SUMIFS('محمد عرابي'!$D:$D,'محمد عرابي'!$C:$C,$A29,'محمد عرابي'!$F:$F,"<>")-SUMIFS('محمد عرابي'!$D:$D,'محمد عرابي'!$C:$C,$A29,'محمد عرابي'!$G:$G,"<>",'محمد عرابي'!$F:$F,"")) | U29: =IF($A29="","",SUMIFS('عم جمال'!$D:$D,'عم جمال'!$C:$C,$A29,'عم جمال'!$F:$F,"<>")-SUMIFS('عم جمال'!$D:$D,'عم جمال'!$C:$C,$A29,'عم جمال'!$G:$G,"<>",'عم جمال'!$F:$F,"")) | V29: =IF($A29="","",SUMIFS('فاير سيليكت'!$D:$D,'فاير سيليكت'!$C:$C,$A29,'فاير سيليكت'!$F:$F,"<>")-SUMIFS('فاير سيليكت'!$D:$D,'فاير سيليكت'!$C:$C,$A29,'فاير سيليكت'!$G:$G,"<>",'فاير سيليكت'!$F:$F,"")) | W29: =IF($A29="","",SUMIFS(فرانكو!$D:$D,فرانكو!$C:$C,$A29,فرانكو!$F:$F,"<>")-SUMIFS(فرانكو!$D:$D,فرانكو!$C:$C,$A29,فرانكو!$G:$G,"<>",فرانكو!$F:$F,"")) | X29: =IF($A29="","",SUMIFS('كريم بكر'!$D:$D,'كريم بكر'!$C:$C,$A29,'كريم بكر'!$F:$F,"<>")-SUMIFS('كريم بكر'!$D:$D,'كريم بكر'!$C:$C,$A29,'كريم بكر'!$G:$G,"<>",'كريم بكر'!$F:$F,"")) | Y29: =IF($A29="","",SUMIFS(بفرا!$D:$D,بفرا!$C:$C,$A29,بفرا!$F:$F,"<>")-SUMIFS(بفرا!$D:$D,بفرا!$C:$C,$A29,بفرا!$G:$G,"<>",بفرا!$F:$F,"")) | Z29: =IF($A29="","",SUMIFS('محل كوم النور'!$D:$D,'محل كوم النور'!$C:$C,$A29,'محل كوم النور'!$F:$F,"<>")-SUMIFS('محل كوم النور'!$D:$D,'محل كوم النور'!$C:$C,$A29,'محل كوم النور'!$G:$G,"<>",'محل كوم النور'!$F:$F,"")) | AA29: =IF($A29="","",SUMIFS('محمد النجار'!$D:$D,'محمد النجار'!$C:$C,$A29,'محمد النجار'!$F:$F,"<>")-SUMIFS('محمد النجار'!$D:$D,'محمد النجار'!$C:$C,$A29,'محمد النجار'!$G:$G,"<>",'محمد النجار'!$F:$F,"")) | AB29: =IF($A29="","",SUMIFS('محمود عبدالرسول'!$D:$D,'محمود عبدالرسول'!$C:$C,$A29,'محمود عبدالرسول'!$F:$F,"<>")-SUMIFS('محمود عبدالرسول'!$D:$D,'محمود عبدالرسول'!$C:$C,$A29,'محمود عبدالرسول'!$G:$G,"<>",'محمود عبدالرسول'!$F:$F,"")) | AC29: =IF($A29="","",SUMIFS('مول المصطفي'!$D:$D,'مول المصطفي'!$C:$C,$A29,'مول المصطفي'!$F:$F,"<>")-SUMIFS('مول المصطفي'!$D:$D,'مول المصطفي'!$C:$C,$A29,'مول المصطفي'!$G:$G,"<>",'مول المصطفي'!$F:$F,"")) | AD29: =IF($A29="","",SUMIFS(مصانع!$D:$D,مصانع!$C:$C,$A29,مصانع!$F:$F,"<>")-SUMIFS(مصانع!$D:$D,مصانع!$C:$C,$A29,مصانع!$G:$G,"<>",مصانع!$F:$F,"")) | AE29: =IF($A29="","",SUM(B29:AD29)) | AH29: =IF(OR($A29="",AG29=""),"",AG29-AE29) | AJ29: =IF(OR($A29="",AH29=""),"",AH29*AI29)
B30: =IF($A30="","",SUMIFS('4K حموده'!$D:$D,'4K حموده'!$C:$C,$A30,'4K حموده'!$F:$F,"<>")-SUMIFS('4K حموده'!$D:$D,'4K حموده'!$C:$C,$A30,'4K حموده'!$G:$G,"<>",'4K حموده'!$F:$F,"")) | C30: =IF($A30="","",SUMIFS('مكتب القاضي'!$D:$D,'مكتب القاضي'!$C:$C,$A30,'مكتب القاضي'!$F:$F,"<>")-SUMIFS('مكتب القاضي'!$D:$D,'مكتب القاضي'!$C:$C,$A30,'مكتب القاضي'!$G:$G,"<>",'مكتب القاضي'!$F:$F,"")) | D30: =IF($A30="","",SUMIFS(الاتشو!$D:$D,الاتشو!$C:$C,$A30,الاتشو!$F:$F,"<>")-SUMIFS(الاتشو!$D:$D,الاتشو!$C:$C,$A30,الاتشو!$G:$G,"<>",الاتشو!$F:$F,"")) | E30: =IF($A30="","",SUMIFS('علاء بوم ارض النت'!$D:$D,'علاء بوم ارض النت'!$C:$C,$A30,'علاء بوم ارض النت'!$F:$F,"<>")-SUMIFS('علاء بوم ارض النت'!$D:$D,'علاء بوم ارض النت'!$C:$C,$A30,'علاء بوم ارض النت'!$G:$G,"<>",'علاء بوم ارض النت'!$F:$F,"")) | F30: =IF($A30="","",SUMIFS('كيمو ميت ابو خالد'!$D:$D,'كيمو ميت ابو خالد'!$C:$C,$A30,'كيمو ميت ابو خالد'!$F:$F,"<>")-SUMIFS('كيمو ميت ابو خالد'!$D:$D,'كيمو ميت ابو خالد'!$C:$C,$A30,'كيمو ميت ابو خالد'!$G:$G,"<>",'كيمو ميت ابو خالد'!$F:$F,"")) | G30: =IF($A30="","",SUMIFS(KAZO!$D:$D,KAZO!$C:$C,$A30,KAZO!$F:$F,"<>")-SUMIFS(KAZO!$D:$D,KAZO!$C:$C,$A30,KAZO!$G:$G,"<>",KAZO!$F:$F,"")) | H30: =IF($A30="","",SUMIFS(LAFY!$D:$D,LAFY!$C:$C,$A30,LAFY!$F:$F,"<>")-SUMIFS(LAFY!$D:$D,LAFY!$C:$C,$A30,LAFY!$G:$G,"<>",LAFY!$F:$F,"")) | I30: =IF($A30="","",SUMIFS('POINT زفتي (جديد)'!$D:$D,'POINT زفتي (جديد)'!$C:$C,$A30,'POINT زفتي (جديد)'!$F:$F,"<>")-SUMIFS('POINT زفتي (جديد)'!$D:$D,'POINT زفتي (جديد)'!$C:$C,$A30,'POINT زفتي (جديد)'!$G:$G,"<>",'POINT زفتي (جديد)'!$F:$F,"")) | J30: =IF($A30="","",SUMIFS('POINT سعد زغلول (قديم)'!$D:$D,'POINT سعد زغلول (قديم)'!$C:$C,$A30,'POINT سعد زغلول (قديم)'!$F:$F,"<>")-SUMIFS('POINT سعد زغلول (قديم)'!$D:$D,'POINT سعد زغلول (قديم)'!$C:$C,$A30,'POINT سعد زغلول (قديم)'!$G:$G,"<>",'POINT سعد زغلول (قديم)'!$F:$F,"")) | K30: =IF($A30="","",SUMIFS('POWER ارض النت'!$D:$D,'POWER ارض النت'!$C:$C,$A30,'POWER ارض النت'!$F:$F,"<>")-SUMIFS('POWER ارض النت'!$D:$D,'POWER ارض النت'!$C:$C,$A30,'POWER ارض النت'!$G:$G,"<>",'POWER ارض النت'!$F:$F,"")) | L30: =IF($A30="","",SUMIFS('POWER زفتي'!$D:$D,'POWER زفتي'!$C:$C,$A30,'POWER زفتي'!$F:$F,"<>")-SUMIFS('POWER زفتي'!$D:$D,'POWER زفتي'!$C:$C,$A30,'POWER زفتي'!$G:$G,"<>",'POWER زفتي'!$F:$F,"")) | M30: =IF($A30="","",SUMIFS('احمد المنوفي'!$D:$D,'احمد المنوفي'!$C:$C,$A30,'احمد المنوفي'!$F:$F,"<>")-SUMIFS('احمد المنوفي'!$D:$D,'احمد المنوفي'!$C:$C,$A30,'احمد المنوفي'!$G:$G,"<>",'احمد المنوفي'!$F:$F,"")) | N30: =IF($A30="","",SUMIFS(السفير!$D:$D,السفير!$C:$C,$A30,السفير!$F:$F,"<>")-SUMIFS(السفير!$D:$D,السفير!$C:$C,$A30,السفير!$G:$G,"<>",السفير!$F:$F,"")) | O30: =IF($A30="","",SUMIFS(العالمي!$D:$D,العالمي!$C:$C,$A30,العالمي!$F:$F,"<>")-SUMIFS(العالمي!$D:$D,العالمي!$C:$C,$A30,العالمي!$G:$G,"<>",العالمي!$F:$F,"")) | P30: =IF($A30="","",SUMIFS('باهي التركي'!$D:$D,'باهي التركي'!$C:$C,$A30,'باهي التركي'!$F:$F,"<>")-SUMIFS('باهي التركي'!$D:$D,'باهي التركي'!$C:$C,$A30,'باهي التركي'!$G:$G,"<>",'باهي التركي'!$F:$F,"")) | Q30: =IF($A30="","",SUMIFS('توتي دماص'!$D:$D,'توتي دماص'!$C:$C,$A30,'توتي دماص'!$F:$F,"<>")-SUMIFS('توتي دماص'!$D:$D,'توتي دماص'!$C:$C,$A30,'توتي دماص'!$G:$G,"<>",'توتي دماص'!$F:$F,"")) | R30: =IF($A30="","",SUMIFS('رضا محمد'!$D:$D,'رضا محمد'!$C:$C,$A30,'رضا محمد'!$F:$F,"<>")-SUMIFS('رضا محمد'!$D:$D,'رضا محمد'!$C:$C,$A30,'رضا محمد'!$G:$G,"<>",'رضا محمد'!$F:$F,"")) | S30: =IF($A30="","",SUMIFS('زومبي العشري'!$D:$D,'زومبي العشري'!$C:$C,$A30,'زومبي العشري'!$F:$F,"<>")-SUMIFS('زومبي العشري'!$D:$D,'زومبي العشري'!$C:$C,$A30,'زومبي العشري'!$G:$G,"<>",'زومبي العشري'!$F:$F,"")) | T30: =IF($A30="","",SUMIFS('محمد عرابي'!$D:$D,'محمد عرابي'!$C:$C,$A30,'محمد عرابي'!$F:$F,"<>")-SUMIFS('محمد عرابي'!$D:$D,'محمد عرابي'!$C:$C,$A30,'محمد عرابي'!$G:$G,"<>",'محمد عرابي'!$F:$F,"")) | U30: =IF($A30="","",SUMIFS('عم جمال'!$D:$D,'عم جمال'!$C:$C,$A30,'عم جمال'!$F:$F,"<>")-SUMIFS('عم جمال'!$D:$D,'عم جمال'!$C:$C,$A30,'عم جمال'!$G:$G,"<>",'عم جمال'!$F:$F,"")) | V30: =IF($A30="","",SUMIFS('فاير سيليكت'!$D:$D,'فاير سيليكت'!$C:$C,$A30,'فاير سيليكت'!$F:$F,"<>")-SUMIFS('فاير سيليكت'!$D:$D,'فاير سيليكت'!$C:$C,$A30,'فاير سيليكت'!$G:$G,"<>",'فاير سيليكت'!$F:$F,"")) | W30: =IF($A30="","",SUMIFS(فرانكو!$D:$D,فرانكو!$C:$C,$A30,فرانكو!$F:$F,"<>")-SUMIFS(فرانكو!$D:$D,فرانكو!$C:$C,$A30,فرانكو!$G:$G,"<>",فرانكو!$F:$F,"")) | X30: =IF($A30="","",SUMIFS('كريم بكر'!$D:$D,'كريم بكر'!$C:$C,$A30,'كريم بكر'!$F:$F,"<>")-SUMIFS('كريم بكر'!$D:$D,'كريم بكر'!$C:$C,$A30,'كريم بكر'!$G:$G,"<>",'كريم بكر'!$F:$F,"")) | Y30: =IF($A30="","",SUMIFS(بفرا!$D:$D,بفرا!$C:$C,$A30,بفرا!$F:$F,"<>")-SUMIFS(بفرا!$D:$D,بفرا!$C:$C,$A30,بفرا!$G:$G,"<>",بفرا!$F:$F,"")) | Z30: =IF($A30="","",SUMIFS('محل كوم النور'!$D:$D,'محل كوم النور'!$C:$C,$A30,'محل كوم النور'!$F:$F,"<>")-SUMIFS('محل كوم النور'!$D:$D,'محل كوم النور'!$C:$C,$A30,'محل كوم النور'!$G:$G,"<>",'محل كوم النور'!$F:$F,"")) | AA30: =IF($A30="","",SUMIFS('محمد النجار'!$D:$D,'محمد النجار'!$C:$C,$A30,'محمد النجار'!$F:$F,"<>")-SUMIFS('محمد النجار'!$D:$D,'محمد النجار'!$C:$C,$A30,'محمد النجار'!$G:$G,"<>",'محمد النجار'!$F:$F,"")) | AB30: =IF($A30="","",SUMIFS('محمود عبدالرسول'!$D:$D,'محمود عبدالرسول'!$C:$C,$A30,'محمود عبدالرسول'!$F:$F,"<>")-SUMIFS('محمود عبدالرسول'!$D:$D,'محمود عبدالرسول'!$C:$C,$A30,'محمود عبدالرسول'!$G:$G,"<>",'محمود عبدالرسول'!$F:$F,"")) | AC30: =IF($A30="","",SUMIFS('مول المصطفي'!$D:$D,'مول المصطفي'!$C:$C,$A30,'مول المصطفي'!$F:$F,"<>")-SUMIFS('مول المصطفي'!$D:$D,'مول المصطفي'!$C:$C,$A30,'مول المصطفي'!$G:$G,"<>",'مول المصطفي'!$F:$F,"")) | AD30: =IF($A30="","",SUMIFS(مصانع!$D:$D,مصانع!$C:$C,$A30,مصانع!$F:$F,"<>")-SUMIFS(مصانع!$D:$D,مصانع!$C:$C,$A30,مصانع!$G:$G,"<>",مصانع!$F:$F,"")) | AE30: =IF($A30="","",SUM(B30:AD30)) | AH30: =IF(OR($A30="",AG30=""),"",AG30-AE30) | AJ30: =IF(OR($A30="",AH30=""),"",AH30*AI30)
B31: =IF($A31="","",SUMIFS('4K حموده'!$D:$D,'4K حموده'!$C:$C,$A31,'4K حموده'!$F:$F,"<>")-SUMIFS('4K حموده'!$D:$D,'4K حموده'!$C:$C,$A31,'4K حموده'!$G:$G,"<>",'4K حموده'!$F:$F,"")) | C31: =IF($A31="","",SUMIFS('مكتب القاضي'!$D:$D,'مكتب القاضي'!$C:$C,$A31,'مكتب القاضي'!$F:$F,"<>")-SUMIFS('مكتب القاضي'!$D:$D,'مكتب القاضي'!$C:$C,$A31,'مكتب القاضي'!$G:$G,"<>",'مكتب القاضي'!$F:$F,"")) | D31: =IF($A31="","",SUMIFS(الاتشو!$D:$D,الاتشو!$C:$C,$A31,الاتشو!$F:$F,"<>")-SUMIFS(الاتشو!$D:$D,الاتشو!$C:$C,$A31,الاتشو!$G:$G,"<>",الاتشو!$F:$F,"")) | E31: =IF($A31="","",SUMIFS('علاء بوم ارض النت'!$D:$D,'علاء بوم ارض النت'!$C:$C,$A31,'علاء بوم ارض النت'!$F:$F,"<>")-SUMIFS('علاء بوم ارض النت'!$D:$D,'علاء بوم ارض النت'!$C:$C,$A31,'علاء بوم ارض النت'!$G:$G,"<>",'علاء بوم ارض النت'!$F:$F,"")) | F31: =IF($A31="","",SUMIFS('كيمو ميت ابو خالد'!$D:$D,'كيمو ميت ابو خالد'!$C:$C,$A31,'كيمو ميت ابو خالد'!$F:$F,"<>")-SUMIFS('كيمو ميت ابو خالد'!$D:$D,'كيمو ميت ابو خالد'!$C:$C,$A31,'كيمو ميت ابو خالد'!$G:$G,"<>",'كيمو ميت ابو خالد'!$F:$F,"")) | G31: =IF($A31="","",SUMIFS(KAZO!$D:$D,KAZO!$C:$C,$A31,KAZO!$F:$F,"<>")-SUMIFS(KAZO!$D:$D,KAZO!$C:$C,$A31,KAZO!$G:$G,"<>",KAZO!$F:$F,"")) | H31: =IF($A31="","",SUMIFS(LAFY!$D:$D,LAFY!$C:$C,$A31,LAFY!$F:$F,"<>")-SUMIFS(LAFY!$D:$D,LAFY!$C:$C,$A31,LAFY!$G:$G,"<>",LAFY!$F:$F,"")) | I31: =IF($A31="","",SUMIFS('POINT زفتي (جديد)'!$D:$D,'POINT زفتي (جديد)'!$C:$C,$A31,'POINT زفتي (جديد)'!$F:$F,"<>")-SUMIFS('POINT زفتي (جديد)'!$D:$D,'POINT زفتي (جديد)'!$C:$C,$A31,'POINT زفتي (جديد)'!$G:$G,"<>",'POINT زفتي (جديد)'!$F:$F,"")) | J31: =IF($A31="","",SUMIFS('POINT سعد زغلول (قديم)'!$D:$D,'POINT سعد زغلول (قديم)'!$C:$C,$A31,'POINT سعد زغلول (قديم)'!$F:$F,"<>")-SUMIFS('POINT سعد زغلول (قديم)'!$D:$D,'POINT سعد زغلول (قديم)'!$C:$C,$A31,'POINT سعد زغلول (قديم)'!$G:$G,"<>",'POINT سعد زغلول (قديم)'!$F:$F,"")) | K31: =IF($A31="","",SUMIFS('POWER ارض النت'!$D:$D,'POWER ارض النت'!$C:$C,$A31,'POWER ارض النت'!$F:$F,"<>")-SUMIFS('POWER ارض النت'!$D:$D,'POWER ارض النت'!$C:$C,$A31,'POWER ارض النت'!$G:$G,"<>",'POWER ارض النت'!$F:$F,"")) | L31: =IF($A31="","",SUMIFS('POWER زفتي'!$D:$D,'POWER زفتي'!$C:$C,$A31,'POWER زفتي'!$F:$F,"<>")-SUMIFS('POWER زفتي'!$D:$D,'POWER زفتي'!$C:$C,$A31,'POWER زفتي'!$G:$G,"<>",'POWER زفتي'!$F:$F,"")) | M31: =IF($A31="","",SUMIFS('احمد المنوفي'!$D:$D,'احمد المنوفي'!$C:$C,$A31,'احمد المنوفي'!$F:$F,"<>")-SUMIFS('احمد المنوفي'!$D:$D,'احمد المنوفي'!$C:$C,$A31,'احمد المنوفي'!$G:$G,"<>",'احمد المنوفي'!$F:$F,"")) | N31: =IF($A31="","",SUMIFS(السفير!$D:$D,السفير!$C:$C,$A31,السفير!$F:$F,"<>")-SUMIFS(السفير!$D:$D,السفير!$C:$C,$A31,السفير!$G:$G,"<>",السفير!$F:$F,"")) | O31: =IF($A31="","",SUMIFS(العالمي!$D:$D,العالمي!$C:$C,$A31,العالمي!$F:$F,"<>")-SUMIFS(العالمي!$D:$D,العالمي!$C:$C,$A31,العالمي!$G:$G,"<>",العالمي!$F:$F,"")) | P31: =IF($A31="","",SUMIFS('باهي التركي'!$D:$D,'باهي التركي'!$C:$C,$A31,'باهي التركي'!$F:$F,"<>")-SUMIFS('باهي التركي'!$D:$D,'باهي التركي'!$C:$C,$A31,'باهي التركي'!$G:$G,"<>",'باهي التركي'!$F:$F,"")) | Q31: =IF($A31="","",SUMIFS('توتي دماص'!$D:$D,'توتي دماص'!$C:$C,$A31,'توتي دماص'!$F:$F,"<>")-SUMIFS('توتي دماص'!$D:$D,'توتي دماص'!$C:$C,$A31,'توتي دماص'!$G:$G,"<>",'توتي دماص'!$F:$F,"")) | R31: =IF($A31="","",SUMIFS('رضا محمد'!$D:$D,'رضا محمد'!$C:$C,$A31,'رضا محمد'!$F:$F,"<>")-SUMIFS('رضا محمد'!$D:$D,'رضا محمد'!$C:$C,$A31,'رضا محمد'!$G:$G,"<>",'رضا محمد'!$F:$F,"")) | S31: =IF($A31="","",SUMIFS('زومبي العشري'!$D:$D,'زومبي العشري'!$C:$C,$A31,'زومبي العشري'!$F:$F,"<>")-SUMIFS('زومبي العشري'!$D:$D,'زومبي العشري'!$C:$C,$A31,'زومبي العشري'!$G:$G,"<>",'زومبي العشري'!$F:$F,"")) | T31: =IF($A31="","",SUMIFS('محمد عرابي'!$D:$D,'محمد عرابي'!$C:$C,$A31,'محمد عرابي'!$F:$F,"<>")-SUMIFS('محمد عرابي'!$D:$D,'محمد عرابي'!$C:$C,$A31,'محمد عرابي'!$G:$G,"<>",'محمد عرابي'!$F:$F,"")) | U31: =IF($A31="","",SUMIFS('عم جمال'!$D:$D,'عم جمال'!$C:$C,$A31,'عم جمال'!$F:$F,"<>")-SUMIFS('عم جمال'!$D:$D,'عم جمال'!$C:$C,$A31,'عم جمال'!$G:$G,"<>",'عم جمال'!$F:$F,"")) | V31: =IF($A31="","",SUMIFS('فاير سيليكت'!$D:$D,'فاير سيليكت'!$C:$C,$A31,'فاير سيليكت'!$F:$F,"<>")-SUMIFS('فاير سيليكت'!$D:$D,'فاير سيليكت'!$C:$C,$A31,'فاير سيليكت'!$G:$G,"<>",'فاير سيليكت'!$F:$F,"")) | W31: =IF($A31="","",SUMIFS(فرانكو!$D:$D,فرانكو!$C:$C,$A31,فرانكو!$F:$F,"<>")-SUMIFS(فرانكو!$D:$D,فرانكو!$C:$C,$A31,فرانكو!$G:$G,"<>",فرانكو!$F:$F,"")) | X31: =IF($A31="","",SUMIFS('كريم بكر'!$D:$D,'كريم بكر'!$C:$C,$A31,'كريم بكر'!$F:$F,"<>")-SUMIFS('كريم بكر'!$D:$D,'كريم بكر'!$C:$C,$A31,'كريم بكر'!$G:$G,"<>",'كريم بكر'!$F:$F,"")) | Y31: =IF($A31="","",SUMIFS(بفرا!$D:$D,بفرا!$C:$C,$A31,بفرا!$F:$F,"<>")-SUMIFS(بفرا!$D:$D,بفرا!$C:$C,$A31,بفرا!$G:$G,"<>",بفرا!$F:$F,"")) | Z31: =IF($A31="","",SUMIFS('محل كوم النور'!$D:$D,'محل كوم النور'!$C:$C,$A31,'محل كوم النور'!$F:$F,"<>")-SUMIFS('محل كوم النور'!$D:$D,'محل كوم النور'!$C:$C,$A31,'محل كوم النور'!$G:$G,"<>",'محل كوم النور'!$F:$F,"")) | AA31: =IF($A31="","",SUMIFS('محمد النجار'!$D:$D,'محمد النجار'!$C:$C,$A31,'محمد النجار'!$F:$F,"<>")-SUMIFS('محمد النجار'!$D:$D,'محمد النجار'!$C:$C,$A31,'محمد النجار'!$G:$G,"<>",'محمد النجار'!$F:$F,"")) | AB31: =IF($A31="","",SUMIFS('محمود عبدالرسول'!$D:$D,'محمود عبدالرسول'!$C:$C,$A31,'محمود عبدالرسول'!$F:$F,"<>")-SUMIFS('محمود عبدالرسول'!$D:$D,'محمود عبدالرسول'!$C:$C,$A31,'محمود عبدالرسول'!$G:$G,"<>",'محمود عبدالرسول'!$F:$F,"")) | AC31: =IF($A31="","",SUMIFS('مول المصطفي'!$D:$D,'مول المصطفي'!$C:$C,$A31,'مول المصطفي'!$F:$F,"<>")-SUMIFS('مول المصطفي'!$D:$D,'مول المصطفي'!$C:$C,$A31,'مول المصطفي'!$G:$G,"<>",'مول المصطفي'!$F:$F,"")) | AD31: =IF($A31="","",SUMIFS(مصانع!$D:$D,مصانع!$C:$C,$A31,مصانع!$F:$F,"<>")-SUMIFS(مصانع!$D:$D,مصانع!$C:$C,$A31,مصانع!$G:$G,"<>",مصانع!$F:$F,"")) | AE31: =IF($A31="","",SUM(B31:AD31)) | AH31: =IF(OR($A31="",AG31=""),"",AG31-AE31) | AJ31: =IF(OR($A31="",AH31=""),"",AH31*AI31)
B32: =IF($A32="","",SUMIFS('4K حموده'!$D:$D,'4K حموده'!$C:$C,$A32,'4K حموده'!$F:$F,"<>")-SUMIFS('4K حموده'!$D:$D,'4K حموده'!$C:$C,$A32,'4K حموده'!$G:$G,"<>",'4K حموده'!$F:$F,"")) | C32: =IF($A32="","",SUMIFS('مكتب القاضي'!$D:$D,'مكتب القاضي'!$C:$C,$A32,'مكتب القاضي'!$F:$F,"<>")-SUMIFS('مكتب القاضي'!$D:$D,'مكتب القاضي'!$C:$C,$A32,'مكتب القاضي'!$G:$G,"<>",'مكتب القاضي'!$F:$F,"")) | D32: =IF($A32="","",SUMIFS(الاتشو!$D:$D,الاتشو!$C:$C,$A32,الاتشو!$F:$F,"<>")-SUMIFS(الاتشو!$D:$D,الاتشو!$C:$C,$A32,الاتشو!$G:$G,"<>",الاتشو!$F:$F,"")) | E32: =IF($A32="","",SUMIFS('علاء بوم ارض النت'!$D:$D,'علاء بوم ارض النت'!$C:$C,$A32,'علاء بوم ارض النت'!$F:$F,"<>")-SUMIFS('علاء بوم ارض النت'!$D:$D,'علاء بوم ارض النت'!$C:$C,$A32,'علاء بوم ارض النت'!$G:$G,"<>",'علاء بوم ارض النت'!$F:$F,"")) | F32: =IF($A32="","",SUMIFS('كيمو ميت ابو خالد'!$D:$D,'كيمو ميت ابو خالد'!$C:$C,$A32,'كيمو ميت ابو خالد'!$F:$F,"<>")-SUMIFS('كيمو ميت ابو خالد'!$D:$D,'كيمو ميت ابو خالد'!$C:$C,$A32,'كيمو ميت ابو خالد'!$G:$G,"<>",'كيمو ميت ابو خالد'!$F:$F,"")) | G32: =IF($A32="","",SUMIFS(KAZO!$D:$D,KAZO!$C:$C,$A32,KAZO!$F:$F,"<>")-SUMIFS(KAZO!$D:$D,KAZO!$C:$C,$A32,KAZO!$G:$G,"<>",KAZO!$F:$F,"")) | H32: =IF($A32="","",SUMIFS(LAFY!$D:$D,LAFY!$C:$C,$A32,LAFY!$F:$F,"<>")-SUMIFS(LAFY!$D:$D,LAFY!$C:$C,$A32,LAFY!$G:$G,"<>",LAFY!$F:$F,"")) | I32: =IF($A32="","",SUMIFS('POINT زفتي (جديد)'!$D:$D,'POINT زفتي (جديد)'!$C:$C,$A32,'POINT زفتي (جديد)'!$F:$F,"<>")-SUMIFS('POINT زفتي (جديد)'!$D:$D,'POINT زفتي (جديد)'!$C:$C,$A32,'POINT زفتي (جديد)'!$G:$G,"<>",'POINT زفتي (جديد)'!$F:$F,"")) | J32: =IF($A32="","",SUMIFS('POINT سعد زغلول (قديم)'!$D:$D,'POINT سعد زغلول (قديم)'!$C:$C,$A32,'POINT سعد زغلول (قديم)'!$F:$F,"<>")-SUMIFS('POINT سعد زغلول (قديم)'!$D:$D,'POINT سعد زغلول (قديم)'!$C:$C,$A32,'POINT سعد زغلول (قديم)'!$G:$G,"<>",'POINT سعد زغلول (قديم)'!$F:$F,"")) | K32: =IF($A32="","",SUMIFS('POWER ارض النت'!$D:$D,'POWER ارض النت'!$C:$C,$A32,'POWER ارض النت'!$F:$F,"<>")-SUMIFS('POWER ارض النت'!$D:$D,'POWER ارض النت'!$C:$C,$A32,'POWER ارض النت'!$G:$G,"<>",'POWER ارض النت'!$F:$F,"")) | L32: =IF($A32="","",SUMIFS('POWER زفتي'!$D:$D,'POWER زفتي'!$C:$C,$A32,'POWER زفتي'!$F:$F,"<>")-SUMIFS('POWER زفتي'!$D:$D,'POWER زفتي'!$C:$C,$A32,'POWER زفتي'!$G:$G,"<>",'POWER زفتي'!$F:$F,"")) | M32: =IF($A32="","",SUMIFS('احمد المنوفي'!$D:$D,'احمد المنوفي'!$C:$C,$A32,'احمد المنوفي'!$F:$F,"<>")-SUMIFS('احمد المنوفي'!$D:$D,'احمد المنوفي'!$C:$C,$A32,'احمد المنوفي'!$G:$G,"<>",'احمد المنوفي'!$F:$F,"")) | N32: =IF($A32="","",SUMIFS(السفير!$D:$D,السفير!$C:$C,$A32,السفير!$F:$F,"<>")-SUMIFS(السفير!$D:$D,السفير!$C:$C,$A32,السفير!$G:$G,"<>",السفير!$F:$F,"")) | O32: =IF($A32="","",SUMIFS(العالمي!$D:$D,العالمي!$C:$C,$A32,العالمي!$F:$F,"<>")-SUMIFS(العالمي!$D:$D,العالمي!$C:$C,$A32,العالمي!$G:$G,"<>",العالمي!$F:$F,"")) | P32: =IF($A32="","",SUMIFS('باهي التركي'!$D:$D,'باهي التركي'!$C:$C,$A32,'باهي التركي'!$F:$F,"<>")-SUMIFS('باهي التركي'!$D:$D,'باهي التركي'!$C:$C,$A32,'باهي التركي'!$G:$G,"<>",'باهي التركي'!$F:$F,"")) | Q32: =IF($A32="","",SUMIFS('توتي دماص'!$D:$D,'توتي دماص'!$C:$C,$A32,'توتي دماص'!$F:$F,"<>")-SUMIFS('توتي دماص'!$D:$D,'توتي دماص'!$C:$C,$A32,'توتي دماص'!$G:$G,"<>",'توتي دماص'!$F:$F,"")) | R32: =IF($A32="","",SUMIFS('رضا محمد'!$D:$D,'رضا محمد'!$C:$C,$A32,'رضا محمد'!$F:$F,"<>")-SUMIFS('رضا محمد'!$D:$D,'رضا محمد'!$C:$C,$A32,'رضا محمد'!$G:$G,"<>",'رضا محمد'!$F:$F,"")) | S32: =IF($A32="","",SUMIFS('زومبي العشري'!$D:$D,'زومبي العشري'!$C:$C,$A32,'زومبي العشري'!$F:$F,"<>")-SUMIFS('زومبي العشري'!$D:$D,'زومبي العشري'!$C:$C,$A32,'زومبي العشري'!$G:$G,"<>",'زومبي العشري'!$F:$F,"")) | T32: =IF($A32="","",SUMIFS('محمد عرابي'!$D:$D,'محمد عرابي'!$C:$C,$A32,'محمد عرابي'!$F:$F,"<>")-SUMIFS('محمد عرابي'!$D:$D,'محمد عرابي'!$C:$C,$A32,'محمد عرابي'!$G:$G,"<>",'محمد عرابي'!$F:$F,"")) | U32: =IF($A32="","",SUMIFS('عم جمال'!$D:$D,'عم جمال'!$C:$C,$A32,'عم جمال'!$F:$F,"<>")-SUMIFS('عم جمال'!$D:$D,'عم جمال'!$C:$C,$A32,'عم جمال'!$G:$G,"<>",'عم جمال'!$F:$F,"")) | V32: =IF($A32="","",SUMIFS('فاير سيليكت'!$D:$D,'فاير سيليكت'!$C:$C,$A32,'فاير سيليكت'!$F:$F,"<>")-SUMIFS('فاير سيليكت'!$D:$D,'فاير سيليكت'!$C:$C,$A32,'فاير سيليكت'!$G:$G,"<>",'فاير سيليكت'!$F:$F,"")) | W32: =IF($A32="","",SUMIFS(فرانكو!$D:$D,فرانكو!$C:$C,$A32,فرانكو!$F:$F,"<>")-SUMIFS(فرانكو!$D:$D,فرانكو!$C:$C,$A32,فرانكو!$G:$G,"<>",فرانكو!$F:$F,"")) | X32: =IF($A32="","",SUMIFS('كريم بكر'!$D:$D,'كريم بكر'!$C:$C,$A32,'كريم بكر'!$F:$F,"<>")-SUMIFS('كريم بكر'!$D:$D,'كريم بكر'!$C:$C,$A32,'كريم بكر'!$G:$G,"<>",'كريم بكر'!$F:$F,"")) | Y32: =IF($A32="","",SUMIFS(بفرا!$D:$D,بفرا!$C:$C,$A32,بفرا!$F:$F,"<>")-SUMIFS(بفرا!$D:$D,بفرا!$C:$C,$A32,بفرا!$G:$G,"<>",بفرا!$F:$F,"")) | Z32: =IF($A32="","",SUMIFS('محل كوم النور'!$D:$D,'محل كوم النور'!$C:$C,$A32,'محل كوم النور'!$F:$F,"<>")-SUMIFS('محل كوم النور'!$D:$D,'محل كوم النور'!$C:$C,$A32,'محل كوم النور'!$G:$G,"<>",'محل كوم النور'!$F:$F,"")) | AA32: =IF($A32="","",SUMIFS('محمد النجار'!$D:$D,'محمد النجار'!$C:$C,$A32,'محمد النجار'!$F:$F,"<>")-SUMIFS('محمد النجار'!$D:$D,'محمد النجار'!$C:$C,$A32,'محمد النجار'!$G:$G,"<>",'محمد النجار'!$F:$F,"")) | AB32: =IF($A32="","",SUMIFS('محمود عبدالرسول'!$D:$D,'محمود عبدالرسول'!$C:$C,$A32,'محمود عبدالرسول'!$F:$F,"<>")-SUMIFS('محمود عبدالرسول'!$D:$D,'محمود عبدالرسول'!$C:$C,$A32,'محمود عبدالرسول'!$G:$G,"<>",'محمود عبدالرسول'!$F:$F,"")) | AC32: =IF($A32="","",SUMIFS('مول المصطفي'!$D:$D,'مول المصطفي'!$C:$C,$A32,'مول المصطفي'!$F:$F,"<>")-SUMIFS('مول المصطفي'!$D:$D,'مول المصطفي'!$C:$C,$A32,'مول المصطفي'!$G:$G,"<>",'مول المصطفي'!$F:$F,"")) | AD32: =IF($A32="","",SUMIFS(مصانع!$D:$D,مصانع!$C:$C,$A32,مصانع!$F:$F,"<>")-SUMIFS(مصانع!$D:$D,مصانع!$C:$C,$A32,مصانع!$G:$G,"<>",مصانع!$F:$F,"")) | AE32: =IF($A32="","",SUM(B32:AD32)) | AH32: =IF(OR($A32="",AG32=""),"",AG32-AE32) | AJ32: =IF(OR($A32="",AH32=""),"",AH32*AI32)
B33: =IF($A33="","",SUMIFS('4K حموده'!$D:$D,'4K حموده'!$C:$C,$A33,'4K حموده'!$F:$F,"<>")-SUMIFS('4K حموده'!$D:$D,'4K حموده'!$C:$C,$A33,'4K حموده'!$G:$G,"<>",'4K حموده'!$F:$F,"")) | C33: =IF($A33="","",SUMIFS('مكتب القاضي'!$D:$D,'مكتب القاضي'!$C:$C,$A33,'مكتب القاضي'!$F:$F,"<>")-SUMIFS('مكتب القاضي'!$D:$D,'مكتب القاضي'!$C:$C,$A33,'مكتب القاضي'!$G:$G,"<>",'مكتب القاضي'!$F:$F,"")) | D33: =IF($A33="","",SUMIFS(الاتشو!$D:$D,الاتشو!$C:$C,$A33,الاتشو!$F:$F,"<>")-SUMIFS(الاتشو!$D:$D,الاتشو!$C:$C,$A33,الاتشو!$G:$G,"<>",الاتشو!$F:$F,"")) | E33: =IF($A33="","",SUMIFS('علاء بوم ارض النت'!$D:$D,'علاء بوم ارض النت'!$C:$C,$A33,'علاء بوم ارض النت'!$F:$F,"<>")-SUMIFS('علاء بوم ارض النت'!$D:$D,'علاء بوم ارض النت'!$C:$C,$A33,'علاء بوم ارض النت'!$G:$G,"<>",'علاء بوم ارض النت'!$F:$F,"")) | F33: =IF($A33="","",SUMIFS('كيمو ميت ابو خالد'!$D:$D,'كيمو ميت ابو خالد'!$C:$C,$A33,'كيمو ميت ابو خالد'!$F:$F,"<>")-SUMIFS('كيمو ميت ابو خالد'!$D:$D,'كيمو ميت ابو خالد'!$C:$C,$A33,'كيمو ميت ابو خالد'!$G:$G,"<>",'كيمو ميت ابو خالد'!$F:$F,"")) | G33: =IF($A33="","",SUMIFS(KAZO!$D:$D,KAZO!$C:$C,$A33,KAZO!$F:$F,"<>")-SUMIFS(KAZO!$D:$D,KAZO!$C:$C,$A33,KAZO!$G:$G,"<>",KAZO!$F:$F,"")) | H33: =IF($A33="","",SUMIFS(LAFY!$D:$D,LAFY!$C:$C,$A33,LAFY!$F:$F,"<>")-SUMIFS(LAFY!$D:$D,LAFY!$C:$C,$A33,LAFY!$G:$G,"<>",LAFY!$F:$F,"")) | I33: =IF($A33="","",SUMIFS('POINT زفتي (جديد)'!$D:$D,'POINT زفتي (جديد)'!$C:$C,$A33,'POINT زفتي (جديد)'!$F:$F,"<>")-SUMIFS('POINT زفتي (جديد)'!$D:$D,'POINT زفتي (جديد)'!$C:$C,$A33,'POINT زفتي (جديد)'!$G:$G,"<>",'POINT زفتي (جديد)'!$F:$F,"")) | J33: =IF($A33="","",SUMIFS('POINT سعد زغلول (قديم)'!$D:$D,'POINT سعد زغلول (قديم)'!$C:$C,$A33,'POINT سعد زغلول (قديم)'!$F:$F,"<>")-SUMIFS('POINT سعد زغلول (قديم)'!$D:$D,'POINT سعد زغلول (قديم)'!$C:$C,$A33,'POINT سعد زغلول (قديم)'!$G:$G,"<>",'POINT سعد زغلول (قديم)'!$F:$F,"")) | K33: =IF($A33="","",SUMIFS('POWER ارض النت'!$D:$D,'POWER ارض النت'!$C:$C,$A33,'POWER ارض النت'!$F:$F,"<>")-SUMIFS('POWER ارض النت'!$D:$D,'POWER ارض النت'!$C:$C,$A33,'POWER ارض النت'!$G:$G,"<>",'POWER ارض النت'!$F:$F,"")) | L33: =IF($A33="","",SUMIFS('POWER زفتي'!$D:$D,'POWER زفتي'!$C:$C,$A33,'POWER زفتي'!$F:$F,"<>")-SUMIFS('POWER زفتي'!$D:$D,'POWER زفتي'!$C:$C,$A33,'POWER زفتي'!$G:$G,"<>",'POWER زفتي'!$F:$F,"")) | M33: =IF($A33="","",SUMIFS('احمد المنوفي'!$D:$D,'احمد المنوفي'!$C:$C,$A33,'احمد المنوفي'!$F:$F,"<>")-SUMIFS('احمد المنوفي'!$D:$D,'احمد المنوفي'!$C:$C,$A33,'احمد المنوفي'!$G:$G,"<>",'احمد المنوفي'!$F:$F,"")) | N33: =IF($A33="","",SUMIFS(السفير!$D:$D,السفير!$C:$C,$A33,السفير!$F:$F,"<>")-SUMIFS(السفير!$D:$D,السفير!$C:$C,$A33,السفير!$G:$G,"<>",السفير!$F:$F,"")) | O33: =IF($A33="","",SUMIFS(العالمي!$D:$D,العالمي!$C:$C,$A33,العالمي!$F:$F,"<>")-SUMIFS(العالمي!$D:$D,العالمي!$C:$C,$A33,العالمي!$G:$G,"<>",العالمي!$F:$F,"")) | P33: =IF($A33="","",SUMIFS('باهي التركي'!$D:$D,'باهي التركي'!$C:$C,$A33,'باهي التركي'!$F:$F,"<>")-SUMIFS('باهي التركي'!$D:$D,'باهي التركي'!$C:$C,$A33,'باهي التركي'!$G:$G,"<>",'باهي التركي'!$F:$F,"")) | Q33: =IF($A33="","",SUMIFS('توتي دماص'!$D:$D,'توتي دماص'!$C:$C,$A33,'توتي دماص'!$F:$F,"<>")-SUMIFS('توتي دماص'!$D:$D,'توتي دماص'!$C:$C,$A33,'توتي دماص'!$G:$G,"<>",'توتي دماص'!$F:$F,"")) | R33: =IF($A33="","",SUMIFS('رضا محمد'!$D:$D,'رضا محمد'!$C:$C,$A33,'رضا محمد'!$F:$F,"<>")-SUMIFS('رضا محمد'!$D:$D,'رضا محمد'!$C:$C,$A33,'رضا محمد'!$G:$G,"<>",'رضا محمد'!$F:$F,"")) | S33: =IF($A33="","",SUMIFS('زومبي العشري'!$D:$D,'زومبي العشري'!$C:$C,$A33,'زومبي العشري'!$F:$F,"<>")-SUMIFS('زومبي العشري'!$D:$D,'زومبي العشري'!$C:$C,$A33,'زومبي العشري'!$G:$G,"<>",'زومبي العشري'!$F:$F,"")) | T33: =IF($A33="","",SUMIFS('محمد عرابي'!$D:$D,'محمد عرابي'!$C:$C,$A33,'محمد عرابي'!$F:$F,"<>")-SUMIFS('محمد عرابي'!$D:$D,'محمد عرابي'!$C:$C,$A33,'محمد عرابي'!$G:$G,"<>",'محمد عرابي'!$F:$F,"")) | U33: =IF($A33="","",SUMIFS('عم جمال'!$D:$D,'عم جمال'!$C:$C,$A33,'عم جمال'!$F:$F,"<>")-SUMIFS('عم جمال'!$D:$D,'عم جمال'!$C:$C,$A33,'عم جمال'!$G:$G,"<>",'عم جمال'!$F:$F,"")) | V33: =IF($A33="","",SUMIFS('فاير سيليكت'!$D:$D,'فاير سيليكت'!$C:$C,$A33,'فاير سيليكت'!$F:$F,"<>")-SUMIFS('فاير سيليكت'!$D:$D,'فاير سيليكت'!$C:$C,$A33,'فاير سيليكت'!$G:$G,"<>",'فاير سيليكت'!$F:$F,"")) | W33: =IF($A33="","",SUMIFS(فرانكو!$D:$D,فرانكو!$C:$C,$A33,فرانكو!$F:$F,"<>")-SUMIFS(فرانكو!$D:$D,فرانكو!$C:$C,$A33,فرانكو!$G:$G,"<>",فرانكو!$F:$F,"")) | X33: =IF($A33="","",SUMIFS('كريم بكر'!$D:$D,'كريم بكر'!$C:$C,$A33,'كريم بكر'!$F:$F,"<>")-SUMIFS('كريم بكر'!$D:$D,'كريم بكر'!$C:$C,$A33,'كريم بكر'!$G:$G,"<>",'كريم بكر'!$F:$F,"")) | Y33: =IF($A33="","",SUMIFS(بفرا!$D:$D,بفرا!$C:$C,$A33,بفرا!$F:$F,"<>")-SUMIFS(بفرا!$D:$D,بفرا!$C:$C,$A33,بفرا!$G:$G,"<>",بفرا!$F:$F,"")) | Z33: =IF($A33="","",SUMIFS('محل كوم النور'!$D:$D,'محل كوم النور'!$C:$C,$A33,'محل كوم النور'!$F:$F,"<>")-SUMIFS('محل كوم النور'!$D:$D,'محل كوم النور'!$C:$C,$A33,'محل كوم النور'!$G:$G,"<>",'محل كوم النور'!$F:$F,"")) | AA33: =IF($A33="","",SUMIFS('محمد النجار'!$D:$D,'محمد النجار'!$C:$C,$A33,'محمد النجار'!$F:$F,"<>")-SUMIFS('محمد النجار'!$D:$D,'محمد النجار'!$C:$C,$A33,'محمد النجار'!$G:$G,"<>",'محمد النجار'!$F:$F,"")) | AB33: =IF($A33="","",SUMIFS('محمود عبدالرسول'!$D:$D,'محمود عبدالرسول'!$C:$C,$A33,'محمود عبدالرسول'!$F:$F,"<>")-SUMIFS('محمود عبدالرسول'!$D:$D,'محمود عبدالرسول'!$C:$C,$A33,'محمود عبدالرسول'!$G:$G,"<>",'محمود عبدالرسول'!$F:$F,"")) | AC33: =IF($A33="","",SUMIFS('مول المصطفي'!$D:$D,'مول المصطفي'!$C:$C,$A33,'مول المصطفي'!$F:$F,"<>")-SUMIFS('مول المصطفي'!$D:$D,'مول المصطفي'!$C:$C,$A33,'مول المصطفي'!$G:$G,"<>",'مول المصطفي'!$F:$F,"")) | AD33: =IF($A33="","",SUMIFS(مصانع!$D:$D,مصانع!$C:$C,$A33,مصانع!$F:$F,"<>")-SUMIFS(مصانع!$D:$D,مصانع!$C:$C,$A33,مصانع!$G:$G,"<>",مصانع!$F:$F,"")) | AE33: =IF($A33="","",SUM(B33:AD33)) | AH33: =IF(OR($A33="",AG33=""),"",AG33-AE33) | AJ33: =IF(OR($A33="",AH33=""),"",AH33*AI33)
B34: =IF($A34="","",SUMIFS('4K حموده'!$D:$D,'4K حموده'!$C:$C,$A34,'4K حموده'!$F:$F,"<>")-SUMIFS('4K حموده'!$D:$D,'4K حموده'!$C:$C,$A34,'4K حموده'!$G:$G,"<>",'4K حموده'!$F:$F,"")) | C34: =IF($A34="","",SUMIFS('مكتب القاضي'!$D:$D,'مكتب القاضي'!$C:$C,$A34,'مكتب القاضي'!$F:$F,"<>")-SUMIFS('مكتب القاضي'!$D:$D,'مكتب القاضي'!$C:$C,$A34,'مكتب القاضي'!$G:$G,"<>",'مكتب القاضي'!$F:$F,"")) | D34: =IF($A34="","",SUMIFS(الاتشو!$D:$D,الاتشو!$C:$C,$A34,الاتشو!$F:$F,"<>")-SUMIFS(الاتشو!$D:$D,الاتشو!$C:$C,$A34,الاتشو!$G:$G,"<>",الاتشو!$F:$F,"")) | E34: =IF($A34="","",SUMIFS('علاء بوم ارض النت'!$D:$D,'علاء بوم ارض النت'!$C:$C,$A34,'علاء بوم ارض النت'!$F:$F,"<>")-SUMIFS('علاء بوم ارض النت'!$D:$D,'علاء بوم ارض النت'!$C:$C,$A34,'علاء بوم ارض النت'!$G:$G,"<>",'علاء بوم ارض النت'!$F:$F,"")) | F34: =IF($A34="","",SUMIFS('كيمو ميت ابو خالد'!$D:$D,'كيمو ميت ابو خالد'!$C:$C,$A34,'كيمو ميت ابو خالد'!$F:$F,"<>")-SUMIFS('كيمو ميت ابو خالد'!$D:$D,'كيمو ميت ابو خالد'!$C:$C,$A34,'كيمو ميت ابو خالد'!$G:$G,"<>",'كيمو ميت ابو خالد'!$F:$F,"")) | G34: =IF($A34="","",SUMIFS(KAZO!$D:$D,KAZO!$C:$C,$A34,KAZO!$F:$F,"<>")-SUMIFS(KAZO!$D:$D,KAZO!$C:$C,$A34,KAZO!$G:$G,"<>",KAZO!$F:$F,"")) | H34: =IF($A34="","",SUMIFS(LAFY!$D:$D,LAFY!$C:$C,$A34,LAFY!$F:$F,"<>")-SUMIFS(LAFY!$D:$D,LAFY!$C:$C,$A34,LAFY!$G:$G,"<>",LAFY!$F:$F,"")) | I34: =IF($A34="","",SUMIFS('POINT زفتي (جديد)'!$D:$D,'POINT زفتي (جديد)'!$C:$C,$A34,'POINT زفتي (جديد)'!$F:$F,"<>")-SUMIFS('POINT زفتي (جديد)'!$D:$D,'POINT زفتي (جديد)'!$C:$C,$A34,'POINT زفتي (جديد)'!$G:$G,"<>",'POINT زفتي (جديد)'!$F:$F,"")) | J34: =IF($A34="","",SUMIFS('POINT سعد زغلول (قديم)'!$D:$D,'POINT سعد زغلول (قديم)'!$C:$C,$A34,'POINT سعد زغلول (قديم)'!$F:$F,"<>")-SUMIFS('POINT سعد زغلول (قديم)'!$D:$D,'POINT سعد زغلول (قديم)'!$C:$C,$A34,'POINT سعد زغلول (قديم)'!$G:$G,"<>",'POINT سعد زغلول (قديم)'!$F:$F,"")) | K34: =IF($A34="","",SUMIFS('POWER ارض النت'!$D:$D,'POWER ارض النت'!$C:$C,$A34,'POWER ارض النت'!$F:$F,"<>")-SUMIFS('POWER ارض النت'!$D:$D,'POWER ارض النت'!$C:$C,$A34,'POWER ارض النت'!$G:$G,"<>",'POWER ارض النت'!$F:$F,"")) | L34: =IF($A34="","",SUMIFS('POWER زفتي'!$D:$D,'POWER زفتي'!$C:$C,$A34,'POWER زفتي'!$F:$F,"<>")-SUMIFS('POWER زفتي'!$D:$D,'POWER زفتي'!$C:$C,$A34,'POWER زفتي'!$G:$G,"<>",'POWER زفتي'!$F:$F,"")) | M34: =IF($A34="","",SUMIFS('احمد المنوفي'!$D:$D,'احمد المنوفي'!$C:$C,$A34,'احمد المنوفي'!$F:$F,"<>")-SUMIFS('احمد المنوفي'!$D:$D,'احمد المنوفي'!$C:$C,$A34,'احمد المنوفي'!$G:$G,"<>",'احمد المنوفي'!$F:$F,"")) | N34: =IF($A34="","",SUMIFS(السفير!$D:$D,السفير!$C:$C,$A34,السفير!$F:$F,"<>")-SUMIFS(السفير!$D:$D,السفير!$C:$C,$A34,السفير!$G:$G,"<>",السفير!$F:$F,"")) | O34: =IF($A34="","",SUMIFS(العالمي!$D:$D,العالمي!$C:$C,$A34,العالمي!$F:$F,"<>")-SUMIFS(العالمي!$D:$D,العالمي!$C:$C,$A34,العالمي!$G:$G,"<>",العالمي!$F:$F,"")) | P34: =IF($A34="","",SUMIFS('باهي التركي'!$D:$D,'باهي التركي'!$C:$C,$A34,'باهي التركي'!$F:$F,"<>")-SUMIFS('باهي التركي'!$D:$D,'باهي التركي'!$C:$C,$A34,'باهي التركي'!$G:$G,"<>",'باهي التركي'!$F:$F,"")) | Q34: =IF($A34="","",SUMIFS('توتي دماص'!$D:$D,'توتي دماص'!$C:$C,$A34,'توتي دماص'!$F:$F,"<>")-SUMIFS('توتي دماص'!$D:$D,'توتي دماص'!$C:$C,$A34,'توتي دماص'!$G:$G,"<>",'توتي دماص'!$F:$F,"")) | R34: =IF($A34="","",SUMIFS('رضا محمد'!$D:$D,'رضا محمد'!$C:$C,$A34,'رضا محمد'!$F:$F,"<>")-SUMIFS('رضا محمد'!$D:$D,'رضا محمد'!$C:$C,$A34,'رضا محمد'!$G:$G,"<>",'رضا محمد'!$F:$F,"")) | S34: =IF($A34="","",SUMIFS('زومبي العشري'!$D:$D,'زومبي العشري'!$C:$C,$A34,'زومبي العشري'!$F:$F,"<>")-SUMIFS('زومبي العشري'!$D:$D,'زومبي العشري'!$C:$C,$A34,'زومبي العشري'!$G:$G,"<>",'زومبي العشري'!$F:$F,"")) | T34: =IF($A34="","",SUMIFS('محمد عرابي'!$D:$D,'محمد عرابي'!$C:$C,$A34,'محمد عرابي'!$F:$F,"<>")-SUMIFS('محمد عرابي'!$D:$D,'محمد عرابي'!$C:$C,$A34,'محمد عرابي'!$G:$G,"<>",'محمد عرابي'!$F:$F,"")) | U34: =IF($A34="","",SUMIFS('عم جمال'!$D:$D,'عم جمال'!$C:$C,$A34,'عم جمال'!$F:$F,"<>")-SUMIFS('عم جمال'!$D:$D,'عم جمال'!$C:$C,$A34,'عم جمال'!$G:$G,"<>",'عم جمال'!$F:$F,"")) | V34: =IF($A34="","",SUMIFS('فاير سيليكت'!$D:$D,'فاير سيليكت'!$C:$C,$A34,'فاير سيليكت'!$F:$F,"<>")-SUMIFS('فاير سيليكت'!$D:$D,'فاير سيليكت'!$C:$C,$A34,'فاير سيليكت'!$G:$G,"<>",'فاير سيليكت'!$F:$F,"")) | W34: =IF($A34="","",SUMIFS(فرانكو!$D:$D,فرانكو!$C:$C,$A34,فرانكو!$F:$F,"<>")-SUMIFS(فرانكو!$D:$D,فرانكو!$C:$C,$A34,فرانكو!$G:$G,"<>",فرانكو!$F:$F,"")) | X34: =IF($A34="","",SUMIFS('كريم بكر'!$D:$D,'كريم بكر'!$C:$C,$A34,'كريم بكر'!$F:$F,"<>")-SUMIFS('كريم بكر'!$D:$D,'كريم بكر'!$C:$C,$A34,'كريم بكر'!$G:$G,"<>",'كريم بكر'!$F:$F,"")) | Y34: =IF($A34="","",SUMIFS(بفرا!$D:$D,بفرا!$C:$C,$A34,بفرا!$F:$F,"<>")-SUMIFS(بفرا!$D:$D,بفرا!$C:$C,$A34,بفرا!$G:$G,"<>",بفرا!$F:$F,"")) | Z34: =IF($A34="","",SUMIFS('محل كوم النور'!$D:$D,'محل كوم النور'!$C:$C,$A34,'محل كوم النور'!$F:$F,"<>")-SUMIFS('محل كوم النور'!$D:$D,'محل كوم النور'!$C:$C,$A34,'محل كوم النور'!$G:$G,"<>",'محل كوم النور'!$F:$F,"")) | AA34: =IF($A34="","",SUMIFS('محمد النجار'!$D:$D,'محمد النجار'!$C:$C,$A34,'محمد النجار'!$F:$F,"<>")-SUMIFS('محمد النجار'!$D:$D,'محمد النجار'!$C:$C,$A34,'محمد النجار'!$G:$G,"<>",'محمد النجار'!$F:$F,"")) | AB34: =IF($A34="","",SUMIFS('محمود عبدالرسول'!$D:$D,'محمود عبدالرسول'!$C:$C,$A34,'محمود عبدالرسول'!$F:$F,"<>")-SUMIFS('محمود عبدالرسول'!$D:$D,'محمود عبدالرسول'!$C:$C,$A34,'محمود عبدالرسول'!$G:$G,"<>",'محمود عبدالرسول'!$F:$F,"")) | AC34: =IF($A34="","",SUMIFS('مول المصطفي'!$D:$D,'مول المصطفي'!$C:$C,$A34,'مول المصطفي'!$F:$F,"<>")-SUMIFS('مول المصطفي'!$D:$D,'مول المصطفي'!$C:$C,$A34,'مول المصطفي'!$G:$G,"<>",'مول المصطفي'!$F:$F,"")) | AD34: =IF($A34="","",SUMIFS(مصانع!$D:$D,مصانع!$C:$C,$A34,مصانع!$F:$F,"<>")-SUMIFS(مصانع!$D:$D,مصانع!$C:$C,$A34,مصانع!$G:$G,"<>",مصانع!$F:$F,"")) | AE34: =IF($A34="","",SUM(B34:AD34)) | AH34: =IF(OR($A34="",AG34=""),"",AG34-AE34) | AJ34: =IF(OR($A34="",AH34=""),"",AH34*AI34)
B35: =IF($A35="","",SUMIFS('4K حموده'!$D:$D,'4K حموده'!$C:$C,$A35,'4K حموده'!$F:$F,"<>")-SUMIFS('4K حموده'!$D:$D,'4K حموده'!$C:$C,$A35,'4K حموده'!$G:$G,"<>",'4K حموده'!$F:$F,"")) | C35: =IF($A35="","",SUMIFS('مكتب القاضي'!$D:$D,'مكتب القاضي'!$C:$C,$A35,'مكتب القاضي'!$F:$F,"<>")-SUMIFS('مكتب القاضي'!$D:$D,'مكتب القاضي'!$C:$C,$A35,'مكتب القاضي'!$G:$G,"<>",'مكتب القاضي'!$F:$F,"")) | D35: =IF($A35="","",SUMIFS(الاتشو!$D:$D,الاتشو!$C:$C,$A35,الاتشو!$F:$F,"<>")-SUMIFS(الاتشو!$D:$D,الاتشو!$C:$C,$A35,الاتشو!$G:$G,"<>",الاتشو!$F:$F,"")) | E35: =IF($A35="","",SUMIFS('علاء بوم ارض النت'!$D:$D,'علاء بوم ارض النت'!$C:$C,$A35,'علاء بوم ارض النت'!$F:$F,"<>")-SUMIFS('علاء بوم ارض النت'!$D:$D,'علاء بوم ارض النت'!$C:$C,$A35,'علاء بوم ارض النت'!$G:$G,"<>",'علاء بوم ارض النت'!$F:$F,"")) | F35: =IF($A35="","",SUMIFS('كيمو ميت ابو خالد'!$D:$D,'كيمو ميت ابو خالد'!$C:$C,$A35,'كيمو ميت ابو خالد'!$F:$F,"<>")-SUMIFS('كيمو ميت ابو خالد'!$D:$D,'كيمو ميت ابو خالد'!$C:$C,$A35,'كيمو ميت ابو خالد'!$G:$G,"<>",'كيمو ميت ابو خالد'!$F:$F,"")) | G35: =IF($A35="","",SUMIFS(KAZO!$D:$D,KAZO!$C:$C,$A35,KAZO!$F:$F,"<>")-SUMIFS(KAZO!$D:$D,KAZO!$C:$C,$A35,KAZO!$G:$G,"<>",KAZO!$F:$F,"")) | H35: =IF($A35="","",SUMIFS(LAFY!$D:$D,LAFY!$C:$C,$A35,LAFY!$F:$F,"<>")-SUMIFS(LAFY!$D:$D,LAFY!$C:$C,$A35,LAFY!$G:$G,"<>",LAFY!$F:$F,"")) | I35: =IF($A35="","",SUMIFS('POINT زفتي (جديد)'!$D:$D,'POINT زفتي (جديد)'!$C:$C,$A35,'POINT زفتي (جديد)'!$F:$F,"<>")-SUMIFS('POINT زفتي (جديد)'!$D:$D,'POINT زفتي (جديد)'!$C:$C,$A35,'POINT زفتي (جديد)'!$G:$G,"<>",'POINT زفتي (جديد)'!$F:$F,"")) | J35: =IF($A35="","",SUMIFS('POINT سعد زغلول (قديم)'!$D:$D,'POINT سعد زغلول (قديم)'!$C:$C,$A35,'POINT سعد زغلول (قديم)'!$F:$F,"<>")-SUMIFS('POINT سعد زغلول (قديم)'!$D:$D,'POINT سعد زغلول (قديم)'!$C:$C,$A35,'POINT سعد زغلول (قديم)'!$G:$G,"<>",'POINT سعد زغلول (قديم)'!$F:$F,"")) | K35: =IF($A35="","",SUMIFS('POWER ارض النت'!$D:$D,'POWER ارض النت'!$C:$C,$A35,'POWER ارض النت'!$F:$F,"<>")-SUMIFS('POWER ارض النت'!$D:$D,'POWER ارض النت'!$C:$C,$A35,'POWER ارض النت'!$G:$G,"<>",'POWER ارض النت'!$F:$F,"")) | L35: =IF($A35="","",SUMIFS('POWER زفتي'!$D:$D,'POWER زفتي'!$C:$C,$A35,'POWER زفتي'!$F:$F,"<>")-SUMIFS('POWER زفتي'!$D:$D,'POWER زفتي'!$C:$C,$A35,'POWER زفتي'!$G:$G,"<>",'POWER زفتي'!$F:$F,"")) | M35: =IF($A35="","",SUMIFS('احمد المنوفي'!$D:$D,'احمد المنوفي'!$C:$C,$A35,'احمد المنوفي'!$F:$F,"<>")-SUMIFS('احمد المنوفي'!$D:$D,'احمد المنوفي'!$C:$C,$A35,'احمد المنوفي'!$G:$G,"<>",'احمد المنوفي'!$F:$F,"")) | N35: =IF($A35="","",SUMIFS(السفير!$D:$D,السفير!$C:$C,$A35,السفير!$F:$F,"<>")-SUMIFS(السفير!$D:$D,السفير!$C:$C,$A35,السفير!$G:$G,"<>",السفير!$F:$F,"")) | O35: =IF($A35="","",SUMIFS(العالمي!$D:$D,العالمي!$C:$C,$A35,العالمي!$F:$F,"<>")-SUMIFS(العالمي!$D:$D,العالمي!$C:$C,$A35,العالمي!$G:$G,"<>",العالمي!$F:$F,"")) | P35: =IF($A35="","",SUMIFS('باهي التركي'!$D:$D,'باهي التركي'!$C:$C,$A35,'باهي التركي'!$F:$F,"<>")-SUMIFS('باهي التركي'!$D:$D,'باهي التركي'!$C:$C,$A35,'باهي التركي'!$G:$G,"<>",'باهي التركي'!$F:$F,"")) | Q35: =IF($A35="","",SUMIFS('توتي دماص'!$D:$D,'توتي دماص'!$C:$C,$A35,'توتي دماص'!$F:$F,"<>")-SUMIFS('توتي دماص'!$D:$D,'توتي دماص'!$C:$C,$A35,'توتي دماص'!$G:$G,"<>",'توتي دماص'!$F:$F,"")) | R35: =IF($A35="","",SUMIFS('رضا محمد'!$D:$D,'رضا محمد'!$C:$C,$A35,'رضا محمد'!$F:$F,"<>")-SUMIFS('رضا محمد'!$D:$D,'رضا محمد'!$C:$C,$A35,'رضا محمد'!$G:$G,"<>",'رضا محمد'!$F:$F,"")) | S35: =IF($A35="","",SUMIFS('زومبي العشري'!$D:$D,'زومبي العشري'!$C:$C,$A35,'زومبي العشري'!$F:$F,"<>")-SUMIFS('زومبي العشري'!$D:$D,'زومبي العشري'!$C:$C,$A35,'زومبي العشري'!$G:$G,"<>",'زومبي العشري'!$F:$F,"")) | T35: =IF($A35="","",SUMIFS('محمد عرابي'!$D:$D,'محمد عرابي'!$C:$C,$A35,'محمد عرابي'!$F:$F,"<>")-SUMIFS('محمد عرابي'!$D:$D,'محمد عرابي'!$C:$C,$A35,'محمد عرابي'!$G:$G,"<>",'محمد عرابي'!$F:$F,"")) | U35: =IF($A35="","",SUMIFS('عم جمال'!$D:$D,'عم جمال'!$C:$C,$A35,'عم جمال'!$F:$F,"<>")-SUMIFS('عم جمال'!$D:$D,'عم جمال'!$C:$C,$A35,'عم جمال'!$G:$G,"<>",'عم جمال'!$F:$F,"")) | V35: =IF($A35="","",SUMIFS('فاير سيليكت'!$D:$D,'فاير سيليكت'!$C:$C,$A35,'فاير سيليكت'!$F:$F,"<>")-SUMIFS('فاير سيليكت'!$D:$D,'فاير سيليكت'!$C:$C,$A35,'فاير سيليكت'!$G:$G,"<>",'فاير سيليكت'!$F:$F,"")) | W35: =IF($A35="","",SUMIFS(فرانكو!$D:$D,فرانكو!$C:$C,$A35,فرانكو!$F:$F,"<>")-SUMIFS(فرانكو!$D:$D,فرانكو!$C:$C,$A35,فرانكو!$G:$G,"<>",فرانكو!$F:$F,"")) | X35: =IF($A35="","",SUMIFS('كريم بكر'!$D:$D,'كريم بكر'!$C:$C,$A35,'كريم بكر'!$F:$F,"<>")-SUMIFS('كريم بكر'!$D:$D,'كريم بكر'!$C:$C,$A35,'كريم بكر'!$G:$G,"<>",'كريم بكر'!$F:$F,"")) | Y35: =IF($A35="","",SUMIFS(بفرا!$D:$D,بفرا!$C:$C,$A35,بفرا!$F:$F,"<>")-SUMIFS(بفرا!$D:$D,بفرا!$C:$C,$A35,بفرا!$G:$G,"<>",بفرا!$F:$F,"")) | Z35: =IF($A35="","",SUMIFS('محل كوم النور'!$D:$D,'محل كوم النور'!$C:$C,$A35,'محل كوم النور'!$F:$F,"<>")-SUMIFS('محل كوم النور'!$D:$D,'محل كوم النور'!$C:$C,$A35,'محل كوم النور'!$G:$G,"<>",'محل كوم النور'!$F:$F,"")) | AA35: =IF($A35="","",SUMIFS('محمد النجار'!$D:$D,'محمد النجار'!$C:$C,$A35,'محمد النجار'!$F:$F,"<>")-SUMIFS('محمد النجار'!$D:$D,'محمد النجار'!$C:$C,$A35,'محمد النجار'!$G:$G,"<>",'محمد النجار'!$F:$F,"")) | AB35: =IF($A35="","",SUMIFS('محمود عبدالرسول'!$D:$D,'محمود عبدالرسول'!$C:$C,$A35,'محمود عبدالرسول'!$F:$F,"<>")-SUMIFS('محمود عبدالرسول'!$D:$D,'محمود عبدالرسول'!$C:$C,$A35,'محمود عبدالرسول'!$G:$G,"<>",'محمود عبدالرسول'!$F:$F,"")) | AC35: =IF($A35="","",SUMIFS('مول المصطفي'!$D:$D,'مول المصطفي'!$C:$C,$A35,'مول المصطفي'!$F:$F,"<>")-SUMIFS('مول المصطفي'!$D:$D,'مول المصطفي'!$C:$C,$A35,'مول المصطفي'!$G:$G,"<>",'مول المصطفي'!$F:$F,"")) | AD35: =IF($A35="","",SUMIFS(مصانع!$D:$D,مصانع!$C:$C,$A35,مصانع!$F:$F,"<>")-SUMIFS(مصانع!$D:$D,مصانع!$C:$C,$A35,مصانع!$G:$G,"<>",مصانع!$F:$F,"")) | AE35: =IF($A35="","",SUM(B35:AD35)) | AH35: =IF(OR($A35="",AG35=""),"",AG35-AE35) | AJ35: =IF(OR($A35="",AH35=""),"",AH35*AI35)
... B43: =IF($A43="","",SUMIFS('4K حموده'!$D:$D,'4K حموده'!$C:$C,$A43,'4K حموده'!$F:$F,"<>")-SUMIFS('4K حموده'!$D:$D,'4K حموده'!$C:$C,$A43,'4K حموده'!$G:$G,"<>",'4K حموده'!$F:$F,"")) | C43: =IF($A43="","",SUMIFS('مكتب القاضي'!$D:$D,'مكتب القاضي'!$C:$C,$A43,'مكتب القاضي'!$F:$F,"<>")-SUMIFS('مكتب القاضي'!$D:$D,'مكتب القاضي'!$C:$C,$A43,'مكتب القاضي'!$G:$G,"<>",'مكتب القاضي'!$F:$F,"")) | D43: =IF($A43="","",SUMIFS(الاتشو!$D:$D,الاتشو!$C:$C,$A43,الاتشو!$F:$F,"<>")-SUMIFS(الاتشو!$D:$D,الاتشو!$C:$C,$A43,الاتشو!$G:$G,"<>",الاتشو!$F:$F,"")) | E43: =IF($A43="","",SUMIFS('علاء بوم ارض النت'!$D:$D,'علاء بوم ارض النت'!$C:$C,$A43,'علاء بوم ارض النت'!$F:$F,"<>")-SUMIFS('علاء بوم ارض النت'!$D:$D,'علاء بوم ارض النت'!$C:$C,$A43,'علاء بوم ارض النت'!$G:$G,"<>",'علاء بوم ارض النت'!$F:$F,"")) | F43: =IF($A43="","",SUMIFS('كيمو ميت ابو خالد'!$D:$D,'كيمو ميت ابو خالد'!$C:$C,$A43,'كيمو ميت ابو خالد'!$F:$F,"<>")-SUMIFS('كيمو ميت ابو خالد'!$D:$D,'كيمو ميت ابو خالد'!$C:$C,$A43,'كيمو ميت ابو خالد'!$G:$G,"<>",'كيمو ميت ابو خالد'!$F:$F,"")) | G43: =IF($A43="","",SUMIFS(KAZO!$D:$D,KAZO!$C:$C,$A43,KAZO!$F:$F,"<>")-SUMIFS(KAZO!$D:$D,KAZO!$C:$C,$A43,KAZO!$G:$G,"<>",KAZO!$F:$F,"")) | H43: =IF($A43="","",SUMIFS(LAFY!$D:$D,LAFY!$C:$C,$A43,LAFY!$F:$F,"<>")-SUMIFS(LAFY!$D:$D,LAFY!$C:$C,$A43,LAFY!$G:$G,"<>",LAFY!$F:$F,"")) | I43: =IF($A43="","",SUMIFS('POINT زفتي (جديد)'!$D:$D,'POINT زفتي (جديد)'!$C:$C,$A43,'POINT زفتي (جديد)'!$F:$F,"<>")-SUMIFS('POINT زفتي (جديد)'!$D:$D,'POINT زفتي (جديد)'!$C:$C,$A43,'POINT زفتي (جديد)'!$G:$G,"<>",'POINT زفتي (جديد)'!$F:$F,"")) | J43: =IF($A43="","",SUMIFS('POINT سعد زغلول (قديم)'!$D:$D,'POINT سعد زغلول (قديم)'!$C:$C,$A43,'POINT سعد زغلول (قديم)'!$F:$F,"<>")-SUMIFS('POINT سعد زغلول (قديم)'!$D:$D,'POINT سعد زغلول (قديم)'!$C:$C,$A43,'POINT سعد زغلول (قديم)'!$G:$G,"<>",'POINT سعد زغلول (قديم)'!$F:$F,"")) | K43: =IF($A43="","",SUMIFS('POWER ارض النت'!$D:$D,'POWER ارض النت'!$C:$C,$A43,'POWER ارض النت'!$F:$F,"<>")-SUMIFS('POWER ارض النت'!$D:$D,'POWER ارض النت'!$C:$C,$A43,'POWER ارض النت'!$G:$G,"<>",'POWER ارض النت'!$F:$F,"")) | L43: =IF($A43="","",SUMIFS('POWER زفتي'!$D:$D,'POWER زفتي'!$C:$C,$A43,'POWER زفتي'!$F:$F,"<>")-SUMIFS('POWER زفتي'!$D:$D,'POWER زفتي'!$C:$C,$A43,'POWER زفتي'!$G:$G,"<>",'POWER زفتي'!$F:$F,"")) | M43: =IF($A43="","",SUMIFS('احمد المنوفي'!$D:$D,'احمد المنوفي'!$C:$C,$A43,'احمد المنوفي'!$F:$F,"<>")-SUMIFS('احمد المنوفي'!$D:$D,'احمد المنوفي'!$C:$C,$A43,'احمد المنوفي'!$G:$G,"<>",'احمد المنوفي'!$F:$F,"")) | N43: =IF($A43="","",SUMIFS(السفير!$D:$D,السفير!$C:$C,$A43,السفير!$F:$F,"<>")-SUMIFS(السفير!$D:$D,السفير!$C:$C,$A43,السفير!$G:$G,"<>",السفير!$F:$F,"")) | O43: =IF($A43="","",SUMIFS(العالمي!$D:$D,العالمي!$C:$C,$A43,العالمي!$F:$F,"<>")-SUMIFS(العالمي!$D:$D,العالمي!$C:$C,$A43,العالمي!$G:$G,"<>",العالمي!$F:$F,"")) | P43: =IF($A43="","",SUMIFS('باهي التركي'!$D:$D,'باهي التركي'!$C:$C,$A43,'باهي التركي'!$F:$F,"<>")-SUMIFS('باهي التركي'!$D:$D,'باهي التركي'!$C:$C,$A43,'باهي التركي'!$G:$G,"<>",'باهي التركي'!$F:$F,"")) | Q43: =IF($A43="","",SUMIFS('توتي دماص'!$D:$D,'توتي دماص'!$C:$C,$A43,'توتي دماص'!$F:$F,"<>")-SUMIFS('توتي دماص'!$D:$D,'توتي دماص'!$C:$C,$A43,'توتي دماص'!$G:$G,"<>",'توتي دماص'!$F:$F,"")) | R43: =IF($A43="","",SUMIFS('رضا محمد'!$D:$D,'رضا محمد'!$C:$C,$A43,'رضا محمد'!$F:$F,"<>")-SUMIFS('رضا محمد'!$D:$D,'رضا محمد'!$C:$C,$A43,'رضا محمد'!$G:$G,"<>",'رضا محمد'!$F:$F,"")) | S43: =IF($A43="","",SUMIFS('زومبي العشري'!$D:$D,'زومبي العشري'!$C:$C,$A43,'زومبي العشري'!$F:$F,"<>")-SUMIFS('زومبي العشري'!$D:$D,'زومبي العشري'!$C:$C,$A43,'زومبي العشري'!$G:$G,"<>",'زومبي العشري'!$F:$F,"")) | T43: =IF($A43="","",SUMIFS('محمد عرابي'!$D:$D,'محمد عرابي'!$C:$C,$A43,'محمد عرابي'!$F:$F,"<>")-SUMIFS('محمد عرابي'!$D:$D,'محمد عرابي'!$C:$C,$A43,'محمد عرابي'!$G:$G,"<>",'محمد عرابي'!$F:$F,"")) | U43: =IF($A43="","",SUMIFS('عم جمال'!$D:$D,'عم جمال'!$C:$C,$A43,'عم جمال'!$F:$F,"<>")-SUMIFS('عم جمال'!$D:$D,'عم جمال'!$C:$C,$A43,'عم جمال'!$G:$G,"<>",'عم جمال'!$F:$F,"")) | V43: =IF($A43="","",SUMIFS('فاير سيليكت'!$D:$D,'فاير سيليكت'!$C:$C,$A43,'فاير سيليكت'!$F:$F,"<>")-SUMIFS('فاير سيليكت'!$D:$D,'فاير سيليكت'!$C:$C,$A43,'فاير سيليكت'!$G:$G,"<>",'فاير سيليكت'!$F:$F,"")) | W43: =IF($A43="","",SUMIFS(فرانكو!$D:$D,فرانكو!$C:$C,$A43,فرانكو!$F:$F,"<>")-SUMIFS(فرانكو!$D:$D,فرانكو!$C:$C,$A43,فرانكو!$G:$G,"<>",فرانكو!$F:$F,"")) | X43: =IF($A43="","",SUMIFS('كريم بكر'!$D:$D,'كريم بكر'!$C:$C,$A43,'كريم بكر'!$F:$F,"<>")-SUMIFS('كريم بكر'!$D:$D,'كريم بكر'!$C:$C,$A43,'كريم بكر'!$G:$G,"<>",'كريم بكر'!$F:$F,"")) | Y43: =IF($A43="","",SUMIFS(بفرا!$D:$D,بفرا!$C:$C,$A43,بفرا!$F:$F,"<>")-SUMIFS(بفرا!$D:$D,بفرا!$C:$C,$A43,بفرا!$G:$G,"<>",بفرا!$F:$F,"")) | Z43: =IF($A43="","",SUMIFS('محل كوم النور'!$D:$D,'محل كوم النور'!$C:$C,$A43,'محل كوم النور'!$F:$F,"<>")-SUMIFS('محل كوم النور'!$D:$D,'محل كوم النور'!$C:$C,$A43,'محل كوم النور'!$G:$G,"<>",'محل كوم النور'!$F:$F,"")) | AA43: =IF($A43="","",SUMIFS('محمد النجار'!$D:$D,'محمد النجار'!$C:$C,$A43,'محمد النجار'!$F:$F,"<>")-SUMIFS('محمد النجار'!$D:$D,'محمد النجار'!$C:$C,$A43,'محمد النجار'!$G:$G,"<>",'محمد النجار'!$F:$F,"")) | AB43: =IF($A43="","",SUMIFS('محمود عبدالرسول'!$D:$D,'محمود عبدالرسول'!$C:$C,$A43,'محمود عبدالرسول'!$F:$F,"<>")-SUMIFS('محمود عبدالرسول'!$D:$D,'محمود عبدالرسول'!$C:$C,$A43,'محمود عبدالرسول'!$G:$G,"<>",'محمود عبدالرسول'!$F:$F,"")) | AC43: =IF($A43="","",SUMIFS('مول المصطفي'!$D:$D,'مول المصطفي'!$C:$C,$A43,'مول المصطفي'!$F:$F,"<>")-SUMIFS('مول المصطفي'!$D:$D,'مول المصطفي'!$C:$C,$A43,'مول المصطفي'!$G:$G,"<>",'مول المصطفي'!$F:$F,"")) | AD43: =IF($A43="","",SUMIFS(مصانع!$D:$D,مصانع!$C:$C,$A43,مصانع!$F:$F,"<>")-SUMIFS(مصانع!$D:$D,مصانع!$C:$C,$A43,مصانع!$G:$G,"<>",مصانع!$F:$F,"")) | AE43: =IF($A43="","",SUM(B43:AD43)) | AH43: =IF(OR($A43="",AG43=""),"",AG43-AE43) | AJ43: =IF(OR($A43="",AH43=""),"",AH43*AI43)
A45: إجمالي قيمة بضاعة المخزن المتبقية (للأصناف المعروف رصيدها فقط) | AJ45: =SUM(AJ3:AJ43) -> 204575

Sheet 4K حموده
A1: حساب العميل: 4K حموده
A2: التاريخ | B2: تفاصيل | C2: الكود | D2: عدد | E2: الفئه | F2: مدين | G2: دائن | H2: الرصيد (تلقائي)
A3: 46150 | B3: شروال قصات انترلوك | C3: B104 | D3: 12 | E3: 350 | F3: 4200 | H3: =IF(AND($B3="",$C3="",$F3="",$G3=""),0,0+IF($F3="",0,$F3)-IF($G3="",0,$G3)) -> 4200
A4: 46150 | B4: شروال اديداس | C4: B102 | D4: 4 | E4: 350 | F4: 1400 | H4: =IF(AND($B4="",$C4="",$F4="",$G4=""),$H3,$H3+IF($F4="",0,$F4)-IF($G4="",0,$G4)) -> 5600
A5: 46150 | B5: شروال وايد ليج | C5: B07 | D5: 4 | E5: 330 | F5: 1320 | H5: =IF(AND($B5="",$C5="",$F5="",$G5=""),$H4,$H4+IF($F5="",0,$F5)-IF($G5="",0,$G5)) -> 6920
A6: 46150 | B6: دفعه | G6: 3000 | H6: =IF(AND($B6="",$C6="",$F6="",$G6=""),$H5,$H5+IF($F6="",0,$F6)-IF($G6="",0,$G6)) -> 3920
A7: 13/8/2026 | B7: شروال وايد ليج اديداس | C7: B103 | D7: 8 | E7: 350 | F7: 2800 | H7: =IF(AND($B7="",$C7="",$F7="",$G7=""),$H6,$H6+IF($F7="",0,$F7)-IF($G7="",0,$G7)) -> 6720
A8: 13/8/2026 | B8: شروال اولد ماني قصات | C8: B110 | D8: 8 | E8: 360 | F8: 2880 | H8: =IF(AND($B8="",$C8="",$F8="",$G8=""),$H7,$H7+IF($F8="",0,$F8)-IF($G8="",0,$G8)) -> 9600
A9: 15/8/2026 | B9: دفعه | G9: 4000 | H9: =IF(AND($B9="",$C9="",$F9="",$G9=""),$H8,$H8+IF($F9="",0,$F9)-IF($G9="",0,$G9)) -> 5600
H10: =IF(AND($B10="",$C10="",$F10="",$G10=""),$H9,$H9+IF($F10="",0,$F10)-IF($G10="",0,$G10)) -> 5600
H11: =IF(AND($B11="",$C11="",$F11="",$G11=""),$H10,$H10+IF($F11="",0,$F11)-IF($G11="",0,$G11)) -> 5600
H12: =IF(AND($B12="",$C12="",$F12="",$G12=""),$H11,$H11+IF($F12="",0,$F12)-IF($G12="",0,$G12)) -> 5600
H13: =IF(AND($B13="",$C13="",$F13="",$G13=""),$H12,$H12+IF($F13="",0,$F13)-IF($G13="",0,$G13)) -> 5600
H14: =IF(AND($B14="",$C14="",$F14="",$G14=""),$H13,$H13+IF($F14="",0,$F14)-IF($G14="",0,$G14)) -> 5600
H15: =IF(AND($B15="",$C15="",$F15="",$G15=""),$H14,$H14+IF($F15="",0,$F15)-IF($G15="",0,$G15)) -> 5600
H16: =IF(AND($B16="",$C16="",$F16="",$G16=""),$H15,$H15+IF($F16="",0,$F16)-IF($G16="",0,$G16)) -> 5600
H17: =IF(AND($B17="",$C17="",$F17="",$G17=""),$H16,$H16+IF($F17="",0,$F17)-IF($G17="",0,$G17)) -> 5600
H18: =IF(AND($B18="",$C18="",$F18="",$G18=""),$H17,$H17+IF($F18="",0,$F18)-IF($G18="",0,$G18)) -> 5600
H19: =IF(AND($B19="",$C19="",$F19="",$G19=""),$H18,$H18+IF($F19="",0,$F19)-IF($G19="",0,$G19)) -> 5600
H20: =IF(AND($B20="",$C20="",$F20="",$G20=""),$H19,$H19+IF($F20="",0,$F20)-IF($G20="",0,$G20)) -> 5600
H21: =IF(AND($B21="",$C21="",$F21="",$G21=""),$H20,$H20+IF($F21="",0,$F21)-IF($G21="",0,$G21)) -> 5600
... H29: =IF(AND($B29="",$C29="",$F29="",$G29=""),$H28,$H28+IF($F29="",0,$F29)-IF($G29="",0,$G29)) -> 5600

Sheet مكتب القاضي
A1: حساب العميل: مكتب القاضي
A2: التاريخ | B2: تفاصيل | C2: الكود | D2: عدد | E2: الفئه | F2: مدين | G2: دائن | H2: الرصيد (تلقائي)
A3: 17/4/2026 | B3: شروال سمر ميلتون جوردن | C3: B01 | D3: 20 | E3: 320 | F3: 6400 | H3: =IF(AND($B3="",$C3="",$F3="",$G3=""),0,0+IF($F3="",0,$F3)-IF($G3="",0,$G3)) -> 6400
A4: 17/4/2026 | B4: شروال سمر ميلتون اوفر سايز | C4: B03 | D4: 16 | E4: 310 | F4: 4960 | H4: =IF(AND($B4="",$C4="",$F4="",$G4=""),$H3,$H3+IF($F4="",0,$F4)-IF($G4="",0,$G4)) -> 11360
A5: 17/4/2026 | B5: شروال وايد ليج بالنسياجا انتر لوك | C5: B02 | D5: 16 | E5: 380 | F5: 6080 | H5: =IF(AND($B5="",$C5="",$F5="",$G5=""),$H4,$H4+IF($F5="",0,$F5)-IF($G5="",0,$G5)) -> 17440
A6: 24/4/2026 | B6: شروال باجي انترلوك | C6: B04 | D6: 28 | E6: 400 | F6: 11200 | H6: =IF(AND($B6="",$C6="",$F6="",$G6=""),$H5,$H5+IF($F6="",0,$F6)-IF($G6="",0,$G6)) -> 28640
A7: 30/4/2026 | B7: دبل سوسته يائه | C7: MB013 | D7: 32 | E7: 350 | F7: 11200 | H7: =IF(AND($B7="",$C7="",$F7="",$G7=""),$H6,$H6+IF($F7="",0,$F7)-IF($G7="",0,$G7)) -> 39840
A8: 30/4/2026 | B8: تيشرت نيو كاردونيل يائه قصات | C8: MB08 | D8: 32 | E8: 275 | F8: 8800 | H8: =IF(AND($B8="",$C8="",$F8="",$G8=""),$H7,$H7+IF($F8="",0,$F8)-IF($G8="",0,$G8)) -> 48640
A9: 30/4/2026 | B9: تيشرت كاردونيه ليائه (عصام صاصا) | C9: MB01 | D9: 32 | E9: 240 | F9: 7680 | H9: =IF(AND($B9="",$C9="",$F9="",$G9=""),$H8,$H8+IF($F9="",0,$F9)-IF($G9="",0,$G9)) -> 56320
A10: 30/4/2026 | G10: 5000 | H10: =IF(AND($B10="",$C10="",$F10="",$G10=""),$H9,$H9+IF($F10="",0,$F10)-IF($G10="",0,$G10)) -> 51320
A11: 46178 | B11: تيشرت سبعه تريكو | C11: MB05 | D11: 24 | E11: 250 | F11: 6000 | H11: =IF(AND($B11="",$C11="",$F11="",$G11=""),$H10,$H10+IF($F11="",0,$F11)-IF($G11="",0,$G11)) -> 57320
A12: 46178 | B12: تيشرت راوند رجلان تطريز SUB | C12: MB06 | D12: 24 | E12: 275 | F12: 6600 | H12: =IF(AND($B12="",$C12="",$F12="",$G12=""),$H11,$H11+IF($F12="",0,$F12)-IF($G12="",0,$G12)) -> 63920
A13: 46178 | B13: تيشرت راوند رجلان تطريز جلد | C13: MB07 | D13: 20 | E13: 275 | F13: 5500 | H13: =IF(AND($B13="",$C13="",$F13="",$G13=""),$H12,$H12+IF($F13="",0,$F13)-IF($G13="",0,$G13)) -> 69420
A14: 46208 | G14: 10000 | H14: =IF(AND($B14="",$C14="",$F14="",$G14=""),$H13,$H13+IF($F14="",0,$F14)-IF($G14="",0,$G14)) -> 59420
A15: 18/5/2026 | B15: مرتجع (تيشرت سبعه تريكو ) | C15: MB05 | D15: 21 | E15: 250 | G15: 5250 | H15: =IF(AND($B15="",$C15="",$F15="",$G15=""),$H14,$H14+IF($F15="",0,$F15)-IF($G15="",0,$G15)) -> 54170
A16: 21/5/2026 | B16: شروال ميلتون وايد ليج قصات | C16: B07 | D16: 20 | E16: 340 | F16: 6800 | H16: =IF(AND($B16="",$C16="",$F16="",$G16=""),$H15,$H15+IF($F16="",0,$F16)-IF($G16="",0,$G16)) -> 60970
A17: 21/5/2026 | B17: شروال سمر ميلتون جوردن | C17: B01 | D17: 20 | E17: 320 | F17: 6400 | H17: =IF(AND($B17="",$C17="",$F17="",$G17=""),$H16,$H16+IF($F17="",0,$F17)-IF($G17="",0,$G17)) -> 67370
A18: 21/5/2026 | B18: ترنج انترلوك NR | C18: B06 | D18: 16 | E18: 800 | F18: 12800 | H18: =IF(AND($B18="",$C18="",$F18="",$G18=""),$H17,$H17+IF($F18="",0,$F18)-IF($G18="",0,$G18)) -> 80170
A19: 22/5/2026 | B19: دفعه | G19: 10000 | H19: =IF(AND($B19="",$C19="",$F19="",$G19=""),$H18,$H18+IF($F19="",0,$F19)-IF($G19="",0,$G19)) -> 70170
A20: 22/5/2026 | B20: مرتجع (تيشرت راوند SUB ) | C20: MB06 | D20: 24 | E20: 275 | G20: 6600 | H20: =IF(AND($B20="",$C20="",$F20="",$G20=""),$H19,$H19+IF($F20="",0,$F20)-IF($G20="",0,$G20)) -> 63570
A21: 22/5/2026 | B21: مرتجع (تيشرت راوند تطريز جلد ) | C21: MB07 | D21: 20 | E21: 275 | G21: 5500 | H21: =IF(AND($B21="",$C21="",$F21="",$G21=""),$H20,$H20+IF($F21="",0,$F21)-IF($G21="",0,$G21)) -> 58070
A22: 22/5/2026 | B22: مرتجع (تيشرت نيو كاردونيل يائه قصات ) | C22: MB08 | D22: 32 | E22: 275 | G22: 8800 | H22: =IF(AND($B22="",$C22="",$F22="",$G22=""),$H21,$H21+IF($F22="",0,$F22)-IF($G22="",0,$G22)) -> 49270
A23: 22/5/2026 | B23: مرتجع (تيشرت كاردونيه ليائه عصام صاصا) | C23: MB01 | D23: 24 | E23: 240 | G23: 5760 | H23: =IF(AND($B23="",$C23="",$F23="",$G23=""),$H22,$H22+IF($F23="",0,$F23)-IF($G23="",0,$G23)) -> 43510
A24: 22/5/2026 | B24: مرتجع (شروال باجي انترلوك ) | C24: B04 | D24: 20 | E24: 400 | G24: 8000 | H24: =IF(AND($B24="",$C24="",$F24="",$G24=""),$H23,$H23+IF($F24="",0,$F24)-IF($G24="",0,$G24)) -> 35510
A25: 22/5/2026 | B25: مرتجع (شروال سمر ميلتون جوردن ) | C25: B01 | D25: 19 | E25: 320 | G25: 6080 | H25: =IF(AND($B25="",$C25="",$F25="",$G25=""),$H24,$H24+IF($F25="",0,$F25)-IF($G25="",0,$G25)) -> 29430
A26: 22/5/2026 | B26: مرتجع (شروال وايد ليج بالنسياجا انتر لوك ) | C26: B02 | D26: 11 | E26: 380 | G26: 4180 | H26: =IF(AND($B26="",$C26="",$F26="",$G26=""),$H25,$H25+IF($F26="",0,$F26)-IF($G26="",0,$G26)) -> 25250
